{
  "type": "FeatureCollection",
  "features": [
    {
      "type": "Feature",
      "properties": {
        "id": "veg/0",
        "class": "forest",
        "area_m2": 177465.99
      },
      "geometry": {
        "type": "Polygon",
        "coordinates": [
          [
            [
              -9742.410129393451,
              -30807.70514651714
            ],
            [
              -9768.233204160235,
              -31138.665967186913
            ],
            [
              -9709.698627419071,
              -31385.023535716813
            ],
            [
              -9783.666132805753,
              -31478.78790343087
            ],
            [
              -9949.840643128206,
              -31318.408314287663
            ],
            [
              -10078.736823152925,
              -31281.42752484372
            ],
            [
              -10126.16902026959,
              -31200.587556045037
            ],
            [
              -10075.444875306799,
              -31025.95558701409
            ],
            [
              -9904.989081789856,
              -30774.57031056611
            ],
            [
              -9742.410129393451,
              -30807.70514651714
            ]
          ]
        ]
      }
    },
    {
      "type": "Feature",
      "properties": {
        "id": "veg/1",
        "class": "forest",
        "area_m2": 29826.54
      },
      "geometry": {
        "type": "Polygon",
        "coordinates": [
          [
            [
              -10030.453536563029,
              -30528.14324794244
            ],
            [
              -10068.55396272795,
              -30649.643547777086
            ],
            [
              -10242.59239812498,
              -30556.84478556132
            ],
            [
              -10235.603743950312,
              -30463.08580321772
            ],
            [
              -10125.767530410318,
              -30423.42371825315
            ],
            [
              -10030.453536563029,
              -30528.14324794244
            ]
          ]
        ]
      }
    },
    {
      "type": "Feature",
      "properties": {
        "id": "veg/2",
        "class": "forest",
        "area_m2": 21342.2
      },
      "geometry": {
        "type": "Polygon",
        "coordinates": [
          [
            [
              -10456.718563257135,
              -30504.55878352141
            ],
            [
              -10399.48798301851,
              -30375.74846444186
            ],
            [
              -10256.019621228916,
              -30424.995249539148
            ],
            [
              -10362.71946599218,
              -30573.850978789385
            ],
            [
              -10456.718563257135,
              -30504.55878352141
            ]
          ]
        ]
      }
    },
    {
      "type": "Feature",
      "properties": {
        "id": "veg/3",
        "class": "forest",
        "area_m2": 108496.89
      },
      "geometry": {
        "type": "Polygon",
        "coordinates": [
          [
            [
              -9785.223278638266,
              -29988.937680753414
            ],
            [
              -9750.96436239034,
              -30070.9618058512
            ],
            [
              -9814.970529788232,
              -30198.402522811666
            ],
            [
              -9816.823004526377,
              -30435.752148939297
            ],
            [
              -9939.618348385498,
              -30489.297782673966
            ],
            [
              -10002.120623635652,
              -30420.74237904558
            ],
            [
              -9987.576708151842,
              -30245.478357250337
            ],
            [
              -10048.479688543652,
              -30136.126295526046
            ],
            [
              -10047.771218378679,
              -30003.04420400504
            ],
            [
              -9950.330353355967,
              -29942.196887507103
            ],
            [
              -9785.223278638266,
              -29988.937680753414
            ]
          ]
        ]
      }
    },
    {
      "type": "Feature",
      "properties": {
        "id": "veg/4",
        "class": "forest",
        "area_m2": 254562.93
      },
      "geometry": {
        "type": "Polygon",
        "coordinates": [
          [
            [
              -10795.656957177678,
              -29372.825031459797
            ],
            [
              -10678.362912359124,
              -29486.596801113337
            ],
            [
              -10496.309635772486,
              -29522.090947333258
            ],
            [
              -10387.793420711474,
              -29714.85910267476
            ],
            [
              -10407.33916283882,
              -30103.09357971931
            ],
            [
              -10512.29649076151,
              -30113.738347874023
            ],
            [
              -10734.021947011235,
              -29856.437370372936
            ],
            [
              -10917.869521440181,
              -29717.884078208357
            ],
            [
              -11002.701681861712,
              -29552.746152885724
            ],
            [
              -10921.176485047734,
              -29399.0203549671
            ],
            [
              -10795.656957177678,
              -29372.825031459797
            ]
          ]
        ]
      }
    },
    {
      "type": "Feature",
      "properties": {
        "id": "veg/5",
        "class": "forest",
        "area_m2": 721830.12
      },
      "geometry": {
        "type": "Polygon",
        "coordinates": [
          [
            [
              -9510.180567336676,
              -30304.493141387124
            ],
            [
              -9393.83057733666,
              -30186.554841387086
            ],
            [
              -9310.961487336666,
              -29919.56559138745
            ],
            [
              -9195.488257336663,
              -29783.026251387317
            ],
            [
              -9158.57878733665,
              -29539.895151387434
            ],
            [
              -9094.401137336681,
              -29429.450151387136
            ],
            [
              -8866.31448733667,
              -29318.536091387272
            ],
            [
              -8713.123237336637,
              -29112.801061387174
            ],
            [
              -8567.969357336638,
              -29120.561771387234
            ],
            [
              -8525.540927336668,
              -29340.417031387333
            ],
            [
              -8647.340407336655,
              -29559.810461387504
            ],
            [
              -8578.008787336643,
              -29707.722301387228
            ],
            [
              -8691.63478733669,
              -29926.48383138748
            ],
            [
              -8779.170847336645,
              -30174.099371387158
            ],
            [
              -8999.206117336638,
              -30274.20222138753
            ],
            [
              -9172.975917336647,
              -30240.098741387483
            ],
            [
              -9292.185167336662,
              -30486.7980813873
            ],
            [
              -9414.36300733668,
              -30510.586141387466
            ],
            [
              -9599.351467336644,
              -30641.595091387164
            ],
            [
              -9723.276327336673,
              -30605.000761387404
            ],
            [
              -9800.866497336654,
              -30452.130921387114
            ],
            [
              -9759.278717336652,
              -30340.874201387167
            ],
            [
              -9510.180567336676,
              -30304.493141387124
            ]
          ]
        ]
      }
    },
    {
      "type": "Feature",
      "properties": {
        "id": "veg/6",
        "class": "forest",
        "area_m2": 260593.47
      },
      "geometry": {
        "type": "Polygon",
        "coordinates": [
          [
            [
              -9980.194852124143,
              -29028.688231934328
            ],
            [
              -9816.012708934373,
              -29117.94770478364
            ],
            [
              -9929.55409115844,
              -29387.446445531677
            ],
            [
              -10030.699221812596,
              -29752.072378627956
            ],
            [
              -10100.758973438991,
              -29811.106677244417
            ],
            [
              -10262.452082818258,
              -29794.717559522483
            ],
            [
              -10346.78572403302,
              -29636.30109429173
            ],
            [
              -10344.378156240738,
              -29494.93234987231
            ],
            [
              -10212.857772286865,
              -29141.305485964287
            ],
            [
              -10094.584874155,
              -29046.55501938425
            ],
            [
              -9980.194852124143,
              -29028.688231934328
            ]
          ]
        ]
      }
    },
    {
      "type": "Feature",
      "properties": {
        "id": "veg/7",
        "class": "forest",
        "area_m2": 65794.7
      },
      "geometry": {
        "type": "Polygon",
        "coordinates": [
          [
            [
              -8797.16468549089,
              -29108.740710657556
            ],
            [
              -8933.564274629287,
              -29323.097950994503
            ],
            [
              -9014.343890376855,
              -29348.657341468148
            ],
            [
              -9088.784620005463,
              -29244.565185510088
            ],
            [
              -9054.394382152415,
              -29039.291480176616
            ],
            [
              -8845.214016975078,
              -29009.841204312164
            ],
            [
              -8797.16468549089,
              -29108.740710657556
            ]
          ]
        ]
      }
    },
    {
      "type": "Feature",
      "properties": {
        "id": "veg/8",
        "class": "forest",
        "area_m2": 637003.93
      },
      "geometry": {
        "type": "Polygon",
        "coordinates": [
          [
            [
              -9684.925645557698,
              -29057.669158010744
            ],
            [
              -9531.770491937234,
              -29060.780218420085
            ],
            [
              -9422.248023438733,
              -28876.86257719202
            ],
            [
              -9507.03741055046,
              -28772.895652130246
            ],
            [
              -9467.57864195999,
              -28619.034682776313
            ],
            [
              -9270.058156050683,
              -28563.973390906584
            ],
            [
              -9169.259913609014,
              -28620.02849595109
            ],
            [
              -9159.136707229016,
              -28715.95492129866
            ],
            [
              -9017.284727796155,
              -28796.07916066749
            ],
            [
              -8982.03789264377,
              -28876.209017831367
            ],
            [
              -9254.124998860469,
              -29141.364210844506
            ],
            [
              -9244.371608927147,
              -29297.70988862263
            ],
            [
              -9165.183714684914,
              -29467.322629665025
            ],
            [
              -9266.989391261479,
              -29684.72522645723
            ],
            [
              -9596.915685627027,
              -29774.887645882554
            ],
            [
              -9736.113242963911,
              -29723.962370548863
            ],
            [
              -9957.061829676619,
              -29779.013317342848
            ],
            [
              -9985.710333878873,
              -29626.671607795637
            ],
            [
              -9836.110101689992,
              -29190.763645873405
            ],
            [
              -9684.925645557698,
              -29057.669158010744
            ]
          ]
        ]
      }
    },
    {
      "type": "Feature",
      "properties": {
        "id": "veg/9",
        "class": "forest",
        "area_m2": 338249.9
      },
      "geometry": {
        "type": "Polygon",
        "coordinates": [
          [
            [
              -10441.826215606241,
              -28909.470584327355
            ],
            [
              -10326.411163188226,
              -28710.61553207785
            ],
            [
              -10131.83320339868,
              -28613.716047797818
            ],
            [
              -9948.275174129289,
              -28650.4542510435
            ],
            [
              -9850.39165284246,
              -28726.95955818193
            ],
            [
              -9853.276457265078,
              -28959.365063347854
            ],
            [
              -10032.824279202556,
              -28943.96754825767
            ],
            [
              -10159.072213749285,
              -28982.863570293877
            ],
            [
              -10293.89847718348,
              -29211.29055761639
            ],
            [
              -10313.792052836681,
              -29398.605711521115
            ],
            [
              -10370.786938490346,
              -29426.91885862546
            ],
            [
              -10624.34284315753,
              -29236.047982635442
            ],
            [
              -10725.229167637648,
              -29216.755638491828
            ],
            [
              -10757.119565003435,
              -29083.330510924105
            ],
            [
              -10684.048576111265,
              -28974.24145288486
            ],
            [
              -10441.826215606241,
              -28909.470584327355
            ]
          ]
        ]
      }
    },
    {
      "type": "Feature",
      "properties": {
        "id": "veg/10",
        "class": "forest",
        "area_m2": 82425.89
      },
      "geometry": {
        "type": "Polygon",
        "coordinates": [
          [
            [
              -9502.045127967256,
              -28598.106194167398
            ],
            [
              -9544.260072360805,
              -28770.989234386943
            ],
            [
              -9645.886722500029,
              -28839.202415933367
            ],
            [
              -9752.429699952598,
              -28805.344000986777
            ],
            [
              -9815.469892474706,
              -28677.317361259833
            ],
            [
              -9763.207410113595,
              -28511.676845261827
            ],
            [
              -9640.287650873535,
              -28450.089216009714
            ],
            [
              -9502.045127967256,
              -28598.106194167398
            ]
          ]
        ]
      }
    },
    {
      "type": "Feature",
      "properties": {
        "id": "veg/11",
        "class": "forest",
        "area_m2": 35277.55
      },
      "geometry": {
        "type": "Polygon",
        "coordinates": [
          [
            [
              -3353.866373889323,
              -13158.908410768025
            ],
            [
              -3302.166305259161,
              -13250.97671154933
            ],
            [
              -3358.876825337764,
              -13383.192306667566
            ],
            [
              -3522.426619859005,
              -13324.546010660473
            ],
            [
              -3498.2799706313526,
              -13173.131543166935
            ],
            [
              -3353.866373889323,
              -13158.908410768025
            ]
          ]
        ]
      }
    },
    {
      "type": "Feature",
      "properties": {
        "id": "veg/12",
        "class": "forest",
        "area_m2": 123274.1
      },
      "geometry": {
        "type": "Polygon",
        "coordinates": [
          [
            [
              -1955.8285765905748,
              -12836.301162650343
            ],
            [
              -1951.6292503120494,
              -13043.37487451313
            ],
            [
              -2193.69971325231,
              -13128.995719755534
            ],
            [
              -2376.234699859633,
              -13110.608037159778
            ],
            [
              -2426.10166557919,
              -12969.267776289955
            ],
            [
              -2277.9162373677827,
              -12871.328850417398
            ],
            [
              -2210.528263736982,
              -12743.511826803442
            ],
            [
              -1955.8285765905748,
              -12836.301162650343
            ]
          ]
        ]
      }
    },
    {
      "type": "Feature",
      "properties": {
        "id": "veg/13",
        "class": "forest",
        "area_m2": 23032.06
      },
      "geometry": {
        "type": "Polygon",
        "coordinates": [
          [
            [
              -2517.9137492551235,
              -12950.369608630892
            ],
            [
              -2631.282009881281,
              -12820.464727929328
            ],
            [
              -2456.565089845273,
              -12767.208370702807
            ],
            [
              -2393.3841372685856,
              -12861.059912723023
            ],
            [
              -2517.9137492551235,
              -12950.369608630892
            ]
          ]
        ]
      }
    },
    {
      "type": "Feature",
      "properties": {
        "id": "veg/14",
        "class": "forest",
        "area_m2": 119243.29
      },
      "geometry": {
        "type": "Polygon",
        "coordinates": [
          [
            [
              -2160.3069632787956,
              -12295.898152462672
            ],
            [
              -2011.573906274687,
              -12458.278222032357
            ],
            [
              -1953.0678966545966,
              -12699.951185880695
            ],
            [
              -2124.3943649873254,
              -12733.612567926757
            ],
            [
              -2253.9925814719754,
              -12605.849166669417
            ],
            [
              -2408.6323318302166,
              -12546.664331777487
            ],
            [
              -2365.5855929347454,
              -12381.471531577874
            ],
            [
              -2160.3069632787956,
              -12295.898152462672
            ]
          ]
        ]
      }
    },
    {
      "type": "Feature",
      "properties": {
        "id": "veg/15",
        "class": "forest",
        "area_m2": 132384.08
      },
      "geometry": {
        "type": "Polygon",
        "coordinates": [
          [
            [
              -2837.279016763321,
              -12365.335901324172
            ],
            [
              -2854.321143775538,
              -12452.57825957099
            ],
            [
              -2975.304935170512,
              -12524.594902616926
            ],
            [
              -3046.6448068383033,
              -12707.5724085439
            ],
            [
              -3231.0968830679194,
              -12738.08645593701
            ],
            [
              -3328.466001119348,
              -12649.04654302774
            ],
            [
              -3111.0636805727263,
              -12294.678521142341
            ],
            [
              -2928.940209201013,
              -12236.28527884977
            ],
            [
              -2837.279016763321,
              -12365.335901324172
            ]
          ]
        ]
      }
    },
    {
      "type": "Feature",
      "properties": {
        "id": "veg/16",
        "class": "forest",
        "area_m2": 290549.54
      },
      "geometry": {
        "type": "Polygon",
        "coordinates": [
          [
            [
              -2608.554827664804,
              -11721.802406317554
            ],
            [
              -2369.4819017575937,
              -11929.987612029538
            ],
            [
              -2377.6842751496006,
              -11949.939733874984
            ],
            [
              -2351.7536953223753,
              -11962.522896638606
            ],
            [
              -2352.669697439065,
              -12110.984546612017
            ],
            [
              -2370.285403595306,
              -12158.198256747331
            ],
            [
              -2335.9704915467883,
              -12169.992292345967
            ],
            [
              -2300.4115849731606,
              -12285.887841668446
            ],
            [
              -2414.825391675462,
              -12415.34890705254
            ],
            [
              -2573.45607832534,
              -12415.530906398315
            ],
            [
              -2641.1557985529653,
              -12323.812825058121
            ],
            [
              -2652.4617292744224,
              -12167.074905889574
            ],
            [
              -2925.4814787730575,
              -12160.12469974067
            ],
            [
              -2941.0983328401344,
              -11856.310744476505
            ],
            [
              -2880.183914971014,
              -11766.393592087086
            ],
            [
              -2608.554827664804,
              -11721.802406317554
            ]
          ]
        ]
      }
    },
    {
      "type": "Feature",
      "properties": {
        "id": "veg/17",
        "class": "forest",
        "area_m2": 555648.54
      },
      "geometry": {
        "type": "Polygon",
        "coordinates": [
          [
            [
              -2571.1666907545296,
              -10589.895348629449
            ],
            [
              -2508.0942147249007,
              -10652.532852107193
            ],
            [
              -2429.8384133268264,
              -10905.5238390523
            ],
            [
              -2469.9177525009727,
              -11179.01723874826
            ],
            [
              -2540.7947856940445,
              -11242.760235709138
            ],
            [
              -2582.314101916505,
              -11640.511434134562
            ],
            [
              -2829.1292357156635,
              -11726.245460700244
            ],
            [
              -2910.449310372467,
              -11653.306411376689
            ],
            [
              -2765.407098586147,
              -11399.001338479575
            ],
            [
              -2806.2716945389984,
              -11230.72078062594
            ],
            [
              -3024.2135744321276,
              -11255.72149293404
            ],
            [
              -3112.3618846642203,
              -11186.772791583091
            ],
            [
              -3188.6002536214073,
              -11030.873489672318
            ],
            [
              -3115.7771228994825,
              -10834.346289270557
            ],
            [
              -3161.718263654795,
              -10644.064602392726
            ],
            [
              -3060.5517398197553,
              -10535.914548506029
            ],
            [
              -2836.5252505806857,
              -10605.359226798173
            ],
            [
              -2571.1666907545296,
              -10589.895348629449
            ]
          ]
        ]
      }
    },
    {
      "type": "Feature",
      "properties": {
        "id": "veg/18",
        "class": "forest",
        "area_m2": 42109.6
      },
      "geometry": {
        "type": "Polygon",
        "coordinates": [
          [
            [
              -1957.8898839189787,
              -10220.096766939387
            ],
            [
              -1964.0145371170365,
              -10337.280577739235
            ],
            [
              -2116.6708751866827,
              -10398.62811807543
            ],
            [
              -2190.0280034296447,
              -10353.602286334615
            ],
            [
              -2146.4596557622426,
              -10179.490429352503
            ],
            [
              -2030.8818253434729,
              -10141.490124769974
            ],
            [
              -1957.8898839189787,
              -10220.096766939387
            ]
          ]
        ]
      }
    },
    {
      "type": "Feature",
      "properties": {
        "id": "veg/19",
        "class": "forest",
        "area_m2": 46569.56
      },
      "geometry": {
        "type": "Polygon",
        "coordinates": [
          [
            [
              -2806.0247795471805,
              -10388.30752701126
            ],
            [
              -2921.530677496223,
              -10487.882584607229
            ],
            [
              -3001.264362697606,
              -10410.61467118049
            ],
            [
              -3042.468443017744,
              -10190.10730232019
            ],
            [
              -2891.448449202755,
              -10180.076905323192
            ],
            [
              -2806.0247795471805,
              -10388.30752701126
            ]
          ]
        ]
      }
    },
    {
      "type": "Feature",
      "properties": {
        "id": "veg/20",
        "class": "forest",
        "area_m2": 35752.48
      },
      "geometry": {
        "type": "Polygon",
        "coordinates": [
          [
            [
              -2311.3558332588873,
              -10160.820042911917
            ],
            [
              -2416.74838894594,
              -10211.115675411187
            ],
            [
              -2570.0525489369174,
              -10061.422119737137
            ],
            [
              -2507.350468828634,
              -9966.086696770508
            ],
            [
              -2413.1057909735246,
              -9972.363171979785
            ],
            [
              -2311.3558332588873,
              -10160.820042911917
            ]
          ]
        ]
      }
    },
    {
      "type": "Feature",
      "properties": {
        "id": "veg/21",
        "class": "forest",
        "area_m2": 20788.31
      },
      "geometry": {
        "type": "Polygon",
        "coordinates": [
          [
            [
              -2627.7328239522176,
              -9922.92041847203
            ],
            [
              -2690.618092314282,
              -10076.92277130019
            ],
            [
              -2772.8600307203014,
              -10043.188940438442
            ],
            [
              -2786.9477062554797,
              -9925.466616536956
            ],
            [
              -2701.813073151163,
              -9873.790783066768
            ],
            [
              -2627.7328239522176,
              -9922.92041847203
            ]
          ]
        ]
      }
    },
    {
      "type": "Feature",
      "properties": {
        "id": "veg/22",
        "class": "forest",
        "area_m2": 662001.78
      },
      "geometry": {
        "type": "Polygon",
        "coordinates": [
          [
            [
              -21028.83385907358,
              -7615.115249390714
            ],
            [
              -20941.395929503138,
              -7564.209703594446
            ],
            [
              -20815.74798947008,
              -7684.807596069295
            ],
            [
              -20611.115596763033,
              -7775.249181794003
            ],
            [
              -20507.1913476045,
              -7875.6501629441045
            ],
            [
              -20272.254367671383,
              -7856.756931245327
            ],
            [
              -20198.232552702946,
              -7905.974649481941
            ],
            [
              -20273.32261591748,
              -8272.587443146389
            ],
            [
              -20496.8101783623,
              -8414.21715487307
            ],
            [
              -20779.455578576948,
              -8357.820871948265
            ],
            [
              -20901.355683600472,
              -8511.390959687531
            ],
            [
              -21028.569700347143,
              -8558.80006492557
            ],
            [
              -21155.811823815864,
              -8476.111554734875
            ],
            [
              -21366.676730295352,
              -8417.16766331857
            ],
            [
              -21303.617763138318,
              -8151.940619191155
            ],
            [
              -21131.68822103797,
              -7978.712164040189
            ],
            [
              -21028.83385907358,
              -7615.115249390714
            ]
          ]
        ]
      }
    },
    {
      "type": "Feature",
      "properties": {
        "id": "veg/23",
        "class": "forest",
        "area_m2": 216621.09
      },
      "geometry": {
        "type": "Polygon",
        "coordinates": [
          [
            [
              -3961.6783214295865,
              10167.877882263158
            ],
            [
              -3882.55649532628,
              10140.553150159307
            ],
            [
              -3734.233191031788,
              9962.050660538953
            ],
            [
              -3532.624192430929,
              9987.232496916316
            ],
            [
              -3465.8947818188462,
              9883.745250534266
            ],
            [
              -3582.5158145845053,
              9723.595152126625
            ],
            [
              -3771.2815099208965,
              9715.54357445985
            ],
            [
              -4094.720230513427,
              9795.150976799894
            ],
            [
              -4247.437819235027,
              10051.978748802096
            ],
            [
              -4229.473185564508,
              10116.510265131481
            ],
            [
              -3961.6783214295865,
              10167.877882263158
            ]
          ]
        ]
      }
    },
    {
      "type": "Feature",
      "properties": {
        "id": "veg/24",
        "class": "forest",
        "area_m2": 128878.2
      },
      "geometry": {
        "type": "Polygon",
        "coordinates": [
          [
            [
              -4433.272531883791,
              10702.972975961398
            ],
            [
              -4339.476688196184,
              10290.828080892563
            ],
            [
              -4433.334996932303,
              10227.656094874721
            ],
            [
              -4503.656643967493,
              10284.77317355154
            ],
            [
              -4713.383121908992,
              10284.288561019115
            ],
            [
              -4761.484673862695,
              10404.321547333617
            ],
            [
              -4637.135539838753,
              10549.378344241064
            ],
            [
              -4539.552272936155,
              10759.322497384157
            ],
            [
              -4433.272531883791,
              10702.972975961398
            ]
          ]
        ]
      }
    },
    {
      "type": "Feature",
      "properties": {
        "id": "veg/25",
        "class": "forest",
        "area_m2": 23588.83
      },
      "geometry": {
        "type": "Polygon",
        "coordinates": [
          [
            [
              -4750.453278818517,
              10087.431983551476
            ],
            [
              -4805.232284852886,
              9949.040493624285
            ],
            [
              -4897.905912115995,
              9953.283520824276
            ],
            [
              -4934.599447534711,
              10064.118494005874
            ],
            [
              -4856.731783382653,
              10143.783877057023
            ],
            [
              -4750.453278818517,
              10087.431983551476
            ]
          ]
        ]
      }
    },
    {
      "type": "Feature",
      "properties": {
        "id": "veg/26",
        "class": "forest",
        "area_m2": 127591.51
      },
      "geometry": {
        "type": "Polygon",
        "coordinates": [
          [
            [
              -5293.972779272823,
              9536.382883837447
            ],
            [
              -5179.400922131026,
              9602.445583766792
            ],
            [
              -5013.084693843499,
              9542.024428337347
            ],
            [
              -5017.589464555145,
              9425.8459961107
            ],
            [
              -5249.643571487628,
              9439.206250185613
            ],
            [
              -5470.715001545323,
              9348.14586598007
            ],
            [
              -5681.586878041213,
              9438.308685478289
            ],
            [
              -5757.649195121019,
              9585.175196943339
            ],
            [
              -5593.063915588369,
              9648.021995650604
            ],
            [
              -5293.972779272823,
              9536.382883837447
            ]
          ]
        ]
      }
    },
    {
      "type": "Feature",
      "properties": {
        "id": "veg/27",
        "class": "forest",
        "area_m2": 68940.24
      },
      "geometry": {
        "type": "Polygon",
        "coordinates": [
          [
            [
              -3369.3211710551986,
              10450.274817792699
            ],
            [
              -3324.3651419967646,
              10356.412147634663
            ],
            [
              -3373.7232421715744,
              10279.346069139428
            ],
            [
              -3582.6895118007087,
              10184.274851482827
            ],
            [
              -3687.3621919635334,
              10227.213190559298
            ],
            [
              -3693.9745816298528,
              10316.756782527547
            ],
            [
              -3516.507351361681,
              10474.52547148522
            ],
            [
              -3369.3211710551986,
              10450.274817792699
            ]
          ]
        ]
      }
    },
    {
      "type": "Feature",
      "properties": {
        "id": "veg/28",
        "class": "forest",
        "area_m2": 80375.77
      },
      "geometry": {
        "type": "Polygon",
        "coordinates": [
          [
            [
              -1998.9653936626855,
              11636.179393626284
            ],
            [
              -2023.4009727608063,
              11556.100448052865
            ],
            [
              -2143.492982825788,
              11497.247138309758
            ],
            [
              -2218.351708035625,
              11571.580759111326
            ],
            [
              -2193.9534461050644,
              11887.829507223796
            ],
            [
              -2123.248382947466,
              11987.990987693425
            ],
            [
              -2030.8069093623199,
              11937.939800914843
            ],
            [
              -1998.9653936626855,
              11636.179393626284
            ]
          ]
        ]
      }
    },
    {
      "type": "Feature",
      "properties": {
        "id": "veg/29",
        "class": "forest",
        "area_m2": 430714.51
      },
      "geometry": {
        "type": "Polygon",
        "coordinates": [
          [
            [
              -2323.758591030957,
              13382.940029108897
            ],
            [
              -2173.817770714988,
              13480.752036834601
            ],
            [
              -2091.5739017513697,
              13447.024636229035
            ],
            [
              -2030.6666570155649,
              13302.944770086091
            ],
            [
              -1961.1865714269225,
              12980.134235763457
            ],
            [
              -1977.5574719544384,
              12799.17858043965
            ],
            [
              -1936.2319728495204,
              12519.570276272483
            ],
            [
              -2005.7386417315574,
              12429.569445609115
            ],
            [
              -2136.308668355283,
              12455.062921991572
            ],
            [
              -2199.965874712798,
              12626.089404543396
            ],
            [
              -2348.646345251531,
              12736.97159917187
            ],
            [
              -2376.4391057755565,
              12769.730398912448
            ],
            [
              -2393.968978320656,
              12770.772090943065
            ],
            [
              -2435.670579766622,
              12801.872107448988
            ],
            [
              -2551.4821726941154,
              12945.65409923112
            ],
            [
              -2682.4691110743443,
              12993.364709377289
            ],
            [
              -2655.2898569647223,
              13157.924261281267
            ],
            [
              -2404.953060323256,
              13275.679052841384
            ],
            [
              -2323.758591030957,
              13382.940029108897
            ]
          ]
        ]
      }
    },
    {
      "type": "Feature",
      "properties": {
        "id": "veg/30",
        "class": "forest",
        "area_m2": 41381.63
      },
      "geometry": {
        "type": "Polygon",
        "coordinates": [
          [
            [
              -2861.426920417114,
              13295.223171130288
            ],
            [
              -2906.389001563308,
              13145.970168407075
            ],
            [
              -3037.609776974481,
              13135.2636313322
            ],
            [
              -3141.916490180127,
              13269.968291467521
            ],
            [
              -2990.969563585473,
              13366.421796981245
            ],
            [
              -2861.426920417114,
              13295.223171130288
            ]
          ]
        ]
      }
    },
    {
      "type": "Feature",
      "properties": {
        "id": "veg/31",
        "class": "forest",
        "area_m2": 983403.03
      },
      "geometry": {
        "type": "Polygon",
        "coordinates": [
          [
            [
              -2051.3739820855553,
              14849.765574286692
            ],
            [
              -1957.383772650268,
              14956.331797148567
            ],
            [
              -1600.2331834111828,
              14952.533788450528
            ],
            [
              -1669.840342609852,
              15229.461125316564
            ],
            [
              -1491.0641666808515,
              15470.541937774047
            ],
            [
              -1258.380147558637,
              15325.93445220543
            ],
            [
              -1102.6641054170905,
              15273.82930382248
            ],
            [
              -1194.879459363001,
              15069.698102847673
            ],
            [
              -1125.5931856580428,
              14947.907381431665
            ],
            [
              -1211.4999874862842,
              14593.342002647929
            ],
            [
              -1382.50135857641,
              14315.261285749264
            ],
            [
              -1589.5929744564928,
              14199.139235722832
            ],
            [
              -1661.5566910494235,
              14003.35739647504
            ],
            [
              -1760.268185226887,
              13970.895690042526
            ],
            [
              -1959.28020400455,
              14102.849064316135
            ],
            [
              -2019.311490310065,
              14096.72208615439
            ],
            [
              -2158.928634989774,
              13945.835430655628
            ],
            [
              -2283.6729529066943,
              13972.694810241926
            ],
            [
              -2237.6801554132835,
              14327.706557774916
            ],
            [
              -2232.4757659900934,
              14335.814336777199
            ],
            [
              -2234.278593802592,
              14353.962719555944
            ],
            [
              -2212.7439573561423,
              14520.18546168087
            ],
            [
              -2094.7212764181895,
              14625.71976992162
            ],
            [
              -2051.3739820855553,
              14849.765574286692
            ]
          ]
        ]
      }
    },
    {
      "type": "Feature",
      "properties": {
        "id": "veg/32",
        "class": "forest",
        "area_m2": 278446.87
      },
      "geometry": {
        "type": "Polygon",
        "coordinates": [
          [
            [
              105.83207266335376,
              -12062.260111387353
            ],
            [
              322.9534226633259,
              -11797.192861387506
            ],
            [
              381.5991326633375,
              -11680.864501387347
            ],
            [
              590.5351326633245,
              -11738.131011387333
            ],
            [
              734.5433926633559,
              -11941.891461387277
            ],
            [
              709.2064026633161,
              -12063.091901387088
            ],
            [
              569.7281026633573,
              -12099.932211387437
            ],
            [
              478.5836026633624,
              -12185.24295138754
            ],
            [
              364.79042592074256,
              -12222.506796598434
            ],
            [
              364.6670607384294,
              -12222.506862162147
            ],
            [
              364.6020956191933,
              -12222.568469111808
            ],
            [
              297.9451926633483,
              -12244.3966013873
            ],
            [
              96.84118266333826,
              -12462.552411387209
            ],
            [
              -79.05186733667506,
              -12485.364621387329
            ],
            [
              -102.40826733666472,
              -12379.292431387119
            ],
            [
              59.60243266331963,
              -12302.246411387343
            ],
            [
              105.83207266335376,
              -12062.260111387353
            ]
          ]
        ]
      }
    },
    {
      "type": "Feature",
      "properties": {
        "id": "veg/33",
        "class": "forest",
        "area_m2": 242715.91
      },
      "geometry": {
        "type": "Polygon",
        "coordinates": [
          [
            [
              1154.1616309577366,
              -11660.746838241816
            ],
            [
              1267.869609276764,
              -11610.458665917162
            ],
            [
              1531.8013684142497,
              -11776.612282959279
            ],
            [
              1509.9407394401496,
              -11954.528420277406
            ],
            [
              1432.4234230210423,
              -12053.697614217643
            ],
            [
              1311.991722611885,
              -12074.212776957545
            ],
            [
              999.8436315943836,
              -12020.993709896225
            ],
            [
              809.6704040908953,
              -11883.76739655435
            ],
            [
              820.0570162277436,
              -11739.828505783807
            ],
            [
              931.3728847659077,
              -11669.065506240353
            ],
            [
              1154.1616309577366,
              -11660.746838241816
            ]
          ]
        ]
      }
    },
    {
      "type": "Feature",
      "properties": {
        "id": "veg/34",
        "class": "forest",
        "area_m2": 48595.95
      },
      "geometry": {
        "type": "Polygon",
        "coordinates": [
          [
            [
              -1143.5057943491847,
              1082.0095948739909
            ],
            [
              -1115.670640912489,
              975.6730970893987
            ],
            [
              -1350.515924157109,
              896.1724485899322
            ],
            [
              -1485.0459886255558,
              957.4178665075451
            ],
            [
              -1439.406632096623,
              1068.718191894237
            ],
            [
              -1143.5057943491847,
              1082.0095948739909
            ]
          ]
        ]
      }
    },
    {
      "type": "Feature",
      "properties": {
        "id": "veg/35",
        "class": "forest",
        "area_m2": 63301.03
      },
      "geometry": {
        "type": "Polygon",
        "coordinates": [
          [
            [
              68.53263484640047,
              1363.3707094700076
            ],
            [
              -12.954040690208785,
              1302.934303656686
            ],
            [
              -224.73981652315706,
              1260.441913716495
            ],
            [
              -300.24790339835454,
              1368.6971471756697
            ],
            [
              -205.97576497570844,
              1497.4860517391935
            ],
            [
              49.33725193067221,
              1481.116635991726
            ],
            [
              68.53263484640047,
              1363.3707094700076
            ]
          ]
        ]
      }
    },
    {
      "type": "Feature",
      "properties": {
        "id": "veg/36",
        "class": "forest",
        "area_m2": 26739.94
      },
      "geometry": {
        "type": "Polygon",
        "coordinates": [
          [
            [
              -519.9131478326162,
              1380.45042447187
            ],
            [
              -407.4859644549433,
              1258.8148950249888
            ],
            [
              -517.9549201120972,
              1173.4974913517945
            ],
            [
              -613.7650794934598,
              1207.2487698234618
            ],
            [
              -614.1736813823809,
              1320.3851672536694
            ],
            [
              -519.9131478326162,
              1380.45042447187
            ]
          ]
        ]
      }
    },
    {
      "type": "Feature",
      "properties": {
        "id": "veg/37",
        "class": "forest",
        "area_m2": 209855.71
      },
      "geometry": {
        "type": "Polygon",
        "coordinates": [
          [
            [
              -588.4454328839784,
              4020.1313240597956
            ],
            [
              -463.6419205121347,
              4156.0600045621395
            ],
            [
              -353.5483810325968,
              4117.117881111801
            ],
            [
              -337.2307421847363,
              3988.952784205321
            ],
            [
              -339.05241598386783,
              3979.0563400425017
            ],
            [
              -334.9936451809481,
              3971.381752209738
            ],
            [
              -325.18424255913123,
              3894.3348798444495
            ],
            [
              -369.62154110940173,
              3826.9596075247973
            ],
            [
              -582.6318135682959,
              3744.7383329840377
            ],
            [
              -864.8590456087841,
              3752.949177843984
            ],
            [
              -1048.7212951536058,
              3864.401900676079
            ],
            [
              -1008.2825955483713,
              4011.2169408896007
            ],
            [
              -848.7908473425778,
              4118.230103138834
            ],
            [
              -588.4454328839784,
              4020.1313240597956
            ]
          ]
        ]
      }
    },
    {
      "type": "Feature",
      "properties": {
        "id": "veg/38",
        "class": "forest",
        "area_m2": 67368.87
      },
      "geometry": {
        "type": "Polygon",
        "coordinates": [
          [
            [
              4258.57956549729,
              5897.3008945724
            ],
            [
              4252.632345493243,
              5698.359174000565
            ],
            [
              3961.1202792767435,
              5703.428638033103
            ],
            [
              3937.365775925049,
              5849.124310174026
            ],
            [
              4091.623005711881,
              5961.826153447386
            ],
            [
              4258.57956549729,
              5897.3008945724
            ]
          ]
        ]
      }
    },
    {
      "type": "Feature",
      "properties": {
        "id": "veg/39",
        "class": "forest",
        "area_m2": 179750.57
      },
      "geometry": {
        "type": "Polygon",
        "coordinates": [
          [
            [
              3347.427216007316,
              5681.627186293248
            ],
            [
              3595.0346336305374,
              5682.419508149847
            ],
            [
              3742.252287265903,
              5716.451571940444
            ],
            [
              3821.892078901059,
              5616.199715059716
            ],
            [
              3734.6454054933274,
              5486.549262220506
            ],
            [
              3574.9285346659017,
              5427.687749677338
            ],
            [
              3550.3520796154626,
              5431.758280195296
            ],
            [
              3531.3422201953363,
              5439.3348646666855
            ],
            [
              3513.8125741071417,
              5456.6757290964015
            ],
            [
              3483.536150065367,
              5461.585580265615
            ],
            [
              3449.8794853787404,
              5461.299435007852
            ],
            [
              3415.3305892262724,
              5454.121517533902
            ],
            [
              3307.1277745211846,
              5383.766355842818
            ],
            [
              3120.685781918466,
              5530.100154185668
            ],
            [
              3058.9434429221437,
              5725.915255388245
            ],
            [
              3167.9205093553755,
              5807.394249339122
            ],
            [
              3347.427216007316,
              5681.627186293248
            ]
          ]
        ]
      }
    },
    {
      "type": "Feature",
      "properties": {
        "id": "veg/40",
        "class": "forest",
        "area_m2": 29855.22
      },
      "geometry": {
        "type": "Polygon",
        "coordinates": [
          [
            [
              3914.719456326624,
              5866.683800359722
            ],
            [
              3803.1956666821497,
              5797.7826432106085
            ],
            [
              3703.9753054668545,
              5845.086751737632
            ],
            [
              3732.1261363932863,
              5969.67131422041
            ],
            [
              3880.1177158440696,
              6006.418130605016
            ],
            [
              3914.719456326624,
              5866.683800359722
            ]
          ]
        ]
      }
    },
    {
      "type": "Feature",
      "properties": {
        "id": "veg/41",
        "class": "forest",
        "area_m2": 99404.05
      },
      "geometry": {
        "type": "Polygon",
        "coordinates": [
          [
            [
              4567.248258450301,
              6256.539533154573
            ],
            [
              4636.233390175214,
              6194.51262528263
            ],
            [
              4663.432766926882,
              6012.538029933814
            ],
            [
              4602.513711954874,
              5898.976709399838
            ],
            [
              4501.682901974884,
              5867.952462854795
            ],
            [
              4410.500501610397,
              5921.43761939602
            ],
            [
              4297.45189904311,
              6095.996229073033
            ],
            [
              4337.082709841139,
              6196.7609019149095
            ],
            [
              4567.248258450301,
              6256.539533154573
            ]
          ]
        ]
      }
    },
    {
      "type": "Feature",
      "properties": {
        "id": "veg/42",
        "class": "forest",
        "area_m2": 29719.54
      },
      "geometry": {
        "type": "Polygon",
        "coordinates": [
          [
            [
              2641.663839272049,
              6516.869923834223
            ],
            [
              2543.093679786427,
              6495.750644122716
            ],
            [
              2541.503210583236,
              6496.284231212921
            ],
            [
              2509.5512932465645,
              6494.090824918821
            ],
            [
              2498.703146527114,
              6486.239691788331
            ],
            [
              2460.78070350457,
              6478.114568670746
            ],
            [
              2379.149913114379,
              6617.0960397007875
            ],
            [
              2614.2949257237487,
              6646.939242109191
            ],
            [
              2641.663839272049,
              6516.869923834223
            ]
          ]
        ]
      }
    },
    {
      "type": "Feature",
      "properties": {
        "id": "veg/43",
        "class": "forest",
        "area_m2": 198019.36
      },
      "geometry": {
        "type": "Polygon",
        "coordinates": [
          [
            [
              2136.964493952517,
              8081.3470175047405
            ],
            [
              2172.265992851113,
              8101.19425680954
            ],
            [
              2200.10670167394,
              8131.046696148813
            ],
            [
              2215.02007514704,
              8158.646037533414
            ],
            [
              2220.0377781730494,
              8184.180997031741
            ],
            [
              2225.7575556389056,
              8202.720873417333
            ],
            [
              2231.043505409383,
              8208.646048308816
            ],
            [
              2341.882679147995,
              8231.04747425951
            ],
            [
              2472.261922593694,
              8110.391704149544
            ],
            [
              2615.327013340604,
              8066.83761775028
            ],
            [
              2634.4071169157396,
              7851.610169926658
            ],
            [
              2551.318479256239,
              7712.23903659964
            ],
            [
              2331.830909721204,
              7854.852743919939
            ],
            [
              2197.6695114897448,
              7780.620795296505
            ],
            [
              2129.278196336003,
              7649.384389639366
            ],
            [
              2051.187318700773,
              7733.876808784436
            ],
            [
              2097.1483985522063,
              7804.23324237112
            ],
            [
              2082.3811894485843,
              8042.006133040879
            ],
            [
              2108.3982186215,
              8071.169378002174
            ],
            [
              2136.964493952517,
              8081.3470175047405
            ]
          ]
        ]
      }
    },
    {
      "type": "Feature",
      "properties": {
        "id": "veg/44",
        "class": "forest",
        "area_m2": 54287.55
      },
      "geometry": {
        "type": "Polygon",
        "coordinates": [
          [
            [
              4280.455998009478,
              8710.586553614587
            ],
            [
              4019.052104228933,
              8729.243712472264
            ],
            [
              3947.7709281378775,
              8822.64238145994
            ],
            [
              4052.2119752658764,
              8934.531705794856
            ],
            [
              4313.933333902096,
              8837.932706913445
            ],
            [
              4280.455998009478,
              8710.586553614587
            ]
          ]
        ]
      }
    },
    {
      "type": "Feature",
      "properties": {
        "id": "veg/45",
        "class": "forest",
        "area_m2": 1791734.56
      },
      "geometry": {
        "type": "Polygon",
        "coordinates": [
          [
            [
              -2270.6368173366645,
              10529.045398612507
            ],
            [
              -2308.492827336653,
              10682.06070861267
            ],
            [
              -2271.4884673366905,
              10917.619678612798
            ],
            [
              -2354.665897336672,
              11192.861898612697
            ],
            [
              -2307.547217336658,
              11295.617718612775
            ],
            [
              -2001.203617336636,
              11577.088508612476
            ],
            [
              -2008.3335173366359,
              11880.293228612747
            ],
            [
              -1904.5338173366617,
              12088.997298612725
            ],
            [
              -1757.8658173366566,
              12064.531538612675
            ],
            [
              -1713.468857336673,
              11673.54233861249
            ],
            [
              -1494.692737336678,
              11695.314898612909
            ],
            [
              -1429.9396273366874,
              11619.8388786125
            ],
            [
              -1438.1302973366692,
              11468.051468612626
            ],
            [
              -1375.9848973366898,
              11295.27334861271
            ],
            [
              -1428.6570073366747,
              11098.988778612576
            ],
            [
              -1333.20709733665,
              10934.609728612471
            ],
            [
              -1342.9183273366652,
              10834.72607861273
            ],
            [
              -1216.0359473366407,
              10691.917088612914
            ],
            [
              -1324.9541873366688,
              10492.316568612587
            ],
            [
              -1312.58698733669,
              10371.096188612748
            ],
            [
              -1208.2718273366336,
              10289.883468612563
            ],
            [
              -987.7336473366595,
              10200.064538612496
            ],
            [
              -845.2602873366559,
              10185.510078612715
            ],
            [
              -898.4831473366357,
              9981.611508612521
            ],
            [
              -1009.3870573366876,
              9889.116518612485
            ],
            [
              -1233.4705138809513,
              9882.610495429952
            ],
            [
              -1300.4680965463049,
              9897.471483806614
            ],
            [
              -1296.770343580225,
              9880.772652664687
            ],
            [
              -1355.0361073366366,
              9879.080968612805
            ],
            [
              -1598.632907336636,
              9996.687828612514
            ],
            [
              -1858.098368769046,
              10035.020227905829
            ],
            [
              -1960.830850267259,
              10076.645722323563
            ],
            [
              -1977.4109440828324,
              10095.769431953318
            ],
            [
              -2012.4280742513947,
              10108.027151952498
            ],
            [
              -2073.666401539347,
              10122.364812732674
            ],
            [
              -2096.354587336653,
              10131.55768861249
            ],
            [
              -2369.0914473366574,
              10135.365658612456
            ],
            [
              -2470.5627373366733,
              10280.404448612593
            ],
            [
              -2432.3576273366343,
              10415.709058612585
            ],
            [
              -2270.6368173366645,
              10529.045398612507
            ]
          ]
        ]
      }
    },
    {
      "type": "Feature",
      "properties": {
        "id": "veg/46",
        "class": "forest",
        "area_m2": 26236.07
      },
      "geometry": {
        "type": "Polygon",
        "coordinates": [
          [
            [
              4288.60321204795,
              11748.726070656441
            ],
            [
              4164.001621845004,
              11692.445309950039
            ],
            [
              4099.278925329912,
              11800.488954756409
            ],
            [
              4213.6431140027125,
              11910.116341051646
            ],
            [
              4298.78046266333,
              11842.771300474647
            ],
            [
              4288.60321204795,
              11748.726070656441
            ]
          ]
        ]
      }
    },
    {
      "type": "Feature",
      "properties": {
        "id": "veg/47",
        "class": "forest",
        "area_m2": 1301325.65
      },
      "geometry": {
        "type": "Polygon",
        "coordinates": [
          [
            [
              -1750.3834017798072,
              13480.706735427491
            ],
            [
              -1643.1263140826486,
              13502.011807639617
            ],
            [
              -1538.101779765333,
              13413.678099960554
            ],
            [
              -1460.252538431203,
              13458.633991070092
            ],
            [
              -1417.9115951371496,
              13600.947397842072
            ],
            [
              -1406.5945545712602,
              13832.862636130303
            ],
            [
              -1205.4234269312583,
              13977.166535396129
            ],
            [
              -1055.7889768044697,
              13928.11083457945
            ],
            [
              -988.7816028144443,
              13762.994288939051
            ],
            [
              -972.5633552026702,
              13488.873455036432
            ],
            [
              -1015.7622663645307,
              13308.933674647007
            ],
            [
              -1171.9936686790898,
              13220.397662990727
            ],
            [
              -1335.4812754133018,
              12959.909004716203
            ],
            [
              -1336.267079470912,
              12958.98151412746
            ],
            [
              -1336.3928701842087,
              12958.456539275125
            ],
            [
              -1376.7449191577034,
              12894.162668285891
            ],
            [
              -1204.703749595792,
              12709.912339211907
            ],
            [
              -1131.1736030965112,
              12358.237917883322
            ],
            [
              -942.0608752433909,
              12217.5700690737
            ],
            [
              -942.0608752433327,
              12217.5700690737
            ],
            [
              -982.5273521103081,
              11981.449826097116
            ],
            [
              -1141.1783303703996,
              11919.409739531111
            ],
            [
              -1472.453980791266,
              11879.340845783707
            ],
            [
              -1559.1799439973547,
              11943.468524796888
            ],
            [
              -1672.170293071249,
              12182.3808664619
            ],
            [
              -1870.6033773325034,
              12294.526196573861
            ],
            [
              -1943.4728261654964,
              12781.358818036038
            ],
            [
              -1942.9246659220662,
              13145.332392313983
            ],
            [
              -1876.680116725387,
              13312.889120506123
            ],
            [
              -1750.3834017798072,
              13480.706735427491
            ]
          ]
        ]
      }
    },
    {
      "type": "Feature",
      "properties": {
        "id": "veg/48",
        "class": "forest",
        "area_m2": 87112.79
      },
      "geometry": {
        "type": "Polygon",
        "coordinates": [
          [
            [
              -571.6541738627711,
              13477.772400880698
            ],
            [
              -578.0744004844455,
              13372.779603639152
            ],
            [
              -581.2363850557595,
              13368.60593503248
            ],
            [
              -580.2956256895559,
              13336.454928307328
            ],
            [
              -584.0903327072156,
              13274.398410995025
            ],
            [
              -786.2290676928242,
              13219.505145625677
            ],
            [
              -897.7567684666719,
              13317.734317001887
            ],
            [
              -869.2505610799999,
              13495.948553130962
            ],
            [
              -729.1776420466485,
              13589.775499767158
            ],
            [
              -571.6541738627711,
              13477.772400880698
            ]
          ]
        ]
      }
    },
    {
      "type": "Feature",
      "properties": {
        "id": "veg/49",
        "class": "forest",
        "area_m2": 96449.75
      },
      "geometry": {
        "type": "Polygon",
        "coordinates": [
          [
            [
              -584.2714312185417,
              14910.708164788783
            ],
            [
              -567.468190764077,
              14793.108653803356
            ],
            [
              -430.6943610027083,
              14630.202262030914
            ],
            [
              -452.15607007819926,
              14504.72488272842
            ],
            [
              -563.0738418592373,
              14461.239484787919
            ],
            [
              -793.0652560677263,
              14826.328707906883
            ],
            [
              -770.4257140646805,
              14945.519999073353
            ],
            [
              -687.2832094786572,
              14992.120553829707
            ],
            [
              -584.2714312185417,
              14910.708164788783
            ]
          ]
        ]
      }
    },
    {
      "type": "Feature",
      "properties": {
        "id": "veg/50",
        "class": "forest",
        "area_m2": 24016.52
      },
      "geometry": {
        "type": "Polygon",
        "coordinates": [
          [
            [
              -896.9854222779977,
              15056.190851657186
            ],
            [
              -1051.6215364186792,
              15133.673944985494
            ],
            [
              -1019.85166319774,
              15240.303749958519
            ],
            [
              -841.9893306657323,
              15210.481444964185
            ],
            [
              -896.9854222779977,
              15056.190851657186
            ]
          ]
        ]
      }
    },
    {
      "type": "Feature",
      "properties": {
        "id": "veg/51",
        "class": "forest",
        "area_m2": 923291.74
      },
      "geometry": {
        "type": "Polygon",
        "coordinates": [
          [
            [
              -1111.9667016374879,
              17143.993091105483
            ],
            [
              -1038.8478090330027,
              17481.22046807548
            ],
            [
              -912.3512061111396,
              17721.406804748345
            ],
            [
              -720.6541281729005,
              17665.247022052296
            ],
            [
              -658.0043286565924,
              17457.099274453707
            ],
            [
              -710.1615146563272,
              17205.954293862917
            ],
            [
              -793.9975639989134,
              16971.043302417733
            ],
            [
              -970.6973934583948,
              16667.269001987763
            ],
            [
              -627.5632419674657,
              16458.608710450586
            ],
            [
              -594.8079415175598,
              16386.86674619792
            ],
            [
              -592.6785443623667,
              16377.348056145478
            ],
            [
              -573.8463397985906,
              16325.243943367153
            ],
            [
              -556.2231496580062,
              16302.356797570363
            ],
            [
              -503.23541605024366,
              16186.300952008925
            ],
            [
              -533.3109839629033,
              16082.294066902716
            ],
            [
              -567.5141692365869,
              16057.403858555946
            ],
            [
              -590.0049845268368,
              16046.09347779816
            ],
            [
              -618.3168434142135,
              16025.081697606482
            ],
            [
              -619.5484718254884,
              16019.537659187336
            ],
            [
              -715.807054798759,
              15949.488739292603
            ],
            [
              -749.8562987156329,
              15828.063002051786
            ],
            [
              -738.383534049266,
              15618.717555690557
            ],
            [
              -950.9316808360163,
              15496.921733152121
            ],
            [
              -1038.3914986697491,
              15527.85999157466
            ],
            [
              -1220.1754877142375,
              15857.002161066514
            ],
            [
              -1254.6799244359718,
              16018.819400864188
            ],
            [
              -1152.7969531096169,
              16932.835048140958
            ],
            [
              -1094.0347146705026,
              17032.721477839164
            ],
            [
              -1111.9667016374879,
              17143.993091105483
            ]
          ]
        ]
      }
    },
    {
      "type": "Feature",
      "properties": {
        "id": "veg/52",
        "class": "forest",
        "area_m2": 2524014.59
      },
      "geometry": {
        "type": "Polygon",
        "coordinates": [
          [
            [
              -2169.3090973366634,
              16684.636708612554
            ],
            [
              -2314.187937336683,
              16886.44170861272
            ],
            [
              -2308.5126773366355,
              17084.098178612534
            ],
            [
              -2359.9420473366627,
              17240.6821786128
            ],
            [
              -2239.6780873366515,
              17633.09783861274
            ],
            [
              -2153.054787336674,
              17783.170458612498
            ],
            [
              -1903.974147336674,
              17756.645088612568
            ],
            [
              -1847.8985873366473,
              17804.224998612888
            ],
            [
              -1792.2308273366652,
              18083.128018612508
            ],
            [
              -1694.1007773366873,
              18204.347918612882
            ],
            [
              -1604.9175373366452,
              18418.062278612517
            ],
            [
              -1555.513667336665,
              18713.34617861267
            ],
            [
              -1450.1379573366721,
              18858.434588612523
            ],
            [
              -1334.3006273366627,
              19094.298398612533
            ],
            [
              -1131.4980173366494,
              19141.60613861261
            ],
            [
              -972.5341673366493,
              19291.083038612735
            ],
            [
              -817.326497336675,
              19202.79470861284
            ],
            [
              -783.0696598786744,
              19169.46040383121
            ],
            [
              -783.2564239773783,
              19143.922473457176
            ],
            [
              -735.2127483328804,
              19120.851066360716
            ],
            [
              -732.946062558156,
              19120.68662919756
            ],
            [
              -641.7304973366554,
              19031.927488612477
            ],
            [
              -623.512167336652,
              18935.35397861246
            ],
            [
              -705.862077336642,
              18718.245328612626
            ],
            [
              -555.8232273366884,
              18496.042468612548
            ],
            [
              -576.018407336669,
              18304.114188612904
            ],
            [
              -698.9067573366337,
              18143.31375861261
            ],
            [
              -880.7780473366729,
              18047.08034861274
            ],
            [
              -947.6856773366453,
              18147.87301861262
            ],
            [
              -890.6754573366488,
              18328.01148861274
            ],
            [
              -943.3896273366408,
              18477.378368612844
            ],
            [
              -925.9467273366754,
              18709.54729861254
            ],
            [
              -1037.7661573366495,
              18779.723928612657
            ],
            [
              -1105.8306373366504,
              18742.722908612806
            ],
            [
              -1248.862707336666,
              18537.69189861277
            ],
            [
              -1265.5921173366369,
              18249.873678612523
            ],
            [
              -1361.1154373366735,
              18147.36324861273
            ],
            [
              -1431.1548373366822,
              17743.643858612515
            ],
            [
              -1512.7562973366585,
              17545.26619861275
            ],
            [
              -1612.9002373366384,
              17465.666518612765
            ],
            [
              -1674.5429973366554,
              17333.5468786126
            ],
            [
              -1795.0904473366681,
              17338.72038861271
            ],
            [
              -1882.1946473366697,
              17251.797598612495
            ],
            [
              -2064.163937336649,
              17251.47623861255
            ],
            [
              -2105.2501473366865,
              17033.606308612507
            ],
            [
              -2039.8142273366684,
              16913.297178612556
            ],
            [
              -1908.9163973366376,
              16911.826508612838
            ],
            [
              -1536.898457336647,
              16767.605348612648
            ],
            [
              -1384.8417373366538,
              16839.731908612885
            ],
            [
              -1217.288287336647,
              16696.480358612724
            ],
            [
              -1241.3108473366592,
              16507.61828861246
            ],
            [
              -1362.406897336652,
              16429.148338612635
            ],
            [
              -1487.296887336648,
              16440.777058612555
            ],
            [
              -1537.638837336679,
              16307.05647861259
            ],
            [
              -1436.3743573366664,
              16269.96170861274
            ],
            [
              -1344.7825473366538,
              16324.620958612766
            ],
            [
              -1267.9968273366685,
              16276.256428612862
            ],
            [
              -1282.6990273366682,
              15937.456348612905
            ],
            [
              -1227.931357336638,
              15757.144778612535
            ],
            [
              -1279.3512873366708,
              15468.810508612543
            ],
            [
              -1409.425447336689,
              15510.898018612526
            ],
            [
              -1501.1452073366381,
              15750.947518612724
            ],
            [
              -1519.8457673366647,
              15907.047278612852
            ],
            [
              -1700.6794573366642,
              15862.484998612665
            ],
            [
              -1756.6453273366787,
              15775.78447861271
            ],
            [
              -1945.6235673366464,
              15701.958508612588
            ],
            [
              -2074.6931573366746,
              15823.770948612597
            ],
            [
              -2250.786967336666,
              15675.44902861258
            ],
            [
              -2434.3607673366787,
              15750.094158612657
            ],
            [
              -2500.591087336652,
              15889.182228612714
            ],
            [
              -2423.023787336657,
              16029.7861286127
            ],
            [
              -2475.521957336634,
              16210.191578612663
            ],
            [
              -2177.6395873366855,
              16456.76175861247
            ],
            [
              -2169.3090973366634,
              16684.636708612554
            ]
          ]
        ]
      }
    },
    {
      "type": "Feature",
      "properties": {
        "id": "veg/53",
        "class": "forest",
        "area_m2": 515766.66
      },
      "geometry": {
        "type": "Polygon",
        "coordinates": [
          [
            [
              143.90983746451093,
              17704.5197955966
            ],
            [
              297.8260268320446,
              17832.961915669963
            ],
            [
              535.1434215867775,
              17808.51943923207
            ],
            [
              613.0104505376075,
              17889.204223046545
            ],
            [
              823.3623553949874,
              17858.46762209898
            ],
            [
              929.9538334770477,
              17708.902032242157
            ],
            [
              907.447237168788,
              17617.447105023544
            ],
            [
              547.8783439841354,
              17366.52600384876
            ],
            [
              414.24742347892607,
              17205.765833304264
            ],
            [
              325.27613943390315,
              17198.128063218668
            ],
            [
              299.6814806809998,
              17200.243278835434
            ],
            [
              253.4146564755938,
              17204.192038826644
            ],
            [
              172.92055899259867,
              17185.04904668918
            ],
            [
              126.47010617639171,
              17181.061491796747
            ],
            [
              0.2596325753838755,
              17199.31499359617
            ],
            [
              -117.90968314872589,
              17355.90657321876
            ],
            [
              -242.36379527114332,
              17378.37995592784
            ],
            [
              -287.8419552880805,
              17486.869778471068
            ],
            [
              -150.27407555509126,
              17652.869860226754
            ],
            [
              143.90983746451093,
              17704.5197955966
            ]
          ]
        ]
      }
    },
    {
      "type": "Feature",
      "properties": {
        "id": "veg/54",
        "class": "forest",
        "area_m2": 242896.18
      },
      "geometry": {
        "type": "Polygon",
        "coordinates": [
          [
            [
              -1104.6190160879632,
              17876.892327680718
            ],
            [
              -975.7096754533122,
              17815.488767476752
            ],
            [
              -964.4301803858252,
              17675.129482665565
            ],
            [
              -1051.3611948902835,
              17468.70309605077
            ],
            [
              -1098.4463914487278,
              17244.793780971784
            ],
            [
              -1157.373663451348,
              17165.17574437568
            ],
            [
              -1247.4861555874231,
              17190.957030278165
            ],
            [
              -1299.0959855300607,
              17298.49953221623
            ],
            [
              -1308.466370137001,
              17480.53787333239
            ],
            [
              -1453.9370891709113,
              17567.61691007903
            ],
            [
              -1458.7204797732993,
              17625.73580875015
            ],
            [
              -1316.0912385223783,
              17964.852170431055
            ],
            [
              -1179.5481775479275,
              17976.61522654537
            ],
            [
              -1104.6190160879632,
              17876.892327680718
            ]
          ]
        ]
      }
    },
    {
      "type": "Feature",
      "properties": {
        "id": "veg/55",
        "class": "forest",
        "area_m2": 98171.74
      },
      "geometry": {
        "type": "Polygon",
        "coordinates": [
          [
            [
              223.6686471820576,
              18119.646451618057
            ],
            [
              104.75237834156724,
              17964.81612120988
            ],
            [
              -173.07120880368166,
              17977.790143885184
            ],
            [
              -203.6624070268008,
              18081.08761692373
            ],
            [
              -16.25507260177983,
              18293.170458070002
            ],
            [
              207.44426307460526,
              18227.49453872582
            ],
            [
              223.6686471820576,
              18119.646451618057
            ]
          ]
        ]
      }
    },
    {
      "type": "Feature",
      "properties": {
        "id": "veg/56",
        "class": "forest",
        "area_m2": 59520.41
      },
      "geometry": {
        "type": "Polygon",
        "coordinates": [
          [
            [
              -56.457490209140815,
              18350.652748711873
            ],
            [
              -134.16603523516096,
              18198.117652036715
            ],
            [
              -227.4884117541369,
              18161.71634787554
            ],
            [
              -321.75307322264416,
              18222.007478604093
            ],
            [
              -251.19776508735958,
              18465.149514454417
            ],
            [
              -99.08662338741124,
              18499.393921570852
            ],
            [
              -56.457490209140815,
              18350.652748711873
            ]
          ]
        ]
      }
    },
    {
      "type": "Feature",
      "properties": {
        "id": "veg/57",
        "class": "forest",
        "area_m2": 25708.71
      },
      "geometry": {
        "type": "Polygon",
        "coordinates": [
          [
            [
              -408.49197703727987,
              19422.64303510869
            ],
            [
              -396.2641295880312,
              19302.97181364009
            ],
            [
              -507.36786078399746,
              19247.854129158426
            ],
            [
              -592.1624389930512,
              19358.11425615847
            ],
            [
              -539.72311580932,
              19440.371131261345
            ],
            [
              -408.49197703727987,
              19422.64303510869
            ]
          ]
        ]
      }
    },
    {
      "type": "Feature",
      "properties": {
        "id": "veg/58",
        "class": "forest",
        "area_m2": 117967.91
      },
      "geometry": {
        "type": "Polygon",
        "coordinates": [
          [
            [
              3838.8384228539653,
              20121.337475845125
            ],
            [
              4030.163138490345,
              20001.564014236443
            ],
            [
              3820.0975638496457,
              19776.65747507289
            ],
            [
              3651.7752741345903,
              19797.35786852427
            ],
            [
              3529.0306202683714,
              19919.109859117772
            ],
            [
              3544.671459686768,
              20035.55563632818
            ],
            [
              3678.835882625426,
              20121.881039457396
            ],
            [
              3838.8384228539653,
              20121.337475845125
            ]
          ]
        ]
      }
    },
    {
      "type": "Feature",
      "properties": {
        "id": "veg/59",
        "class": "forest",
        "area_m2": 28030.74
      },
      "geometry": {
        "type": "Polygon",
        "coordinates": [
          [
            [
              4183.146088954702,
              20375.02872228017
            ],
            [
              4090.406457596051,
              20355.595743874088
            ],
            [
              4027.691422169213,
              20470.040728060994
            ],
            [
              4142.33269513445,
              20580.540537793655
            ],
            [
              4238.488255931181,
              20492.286126392893
            ],
            [
              4183.146088954702,
              20375.02872228017
            ]
          ]
        ]
      }
    },
    {
      "type": "Feature",
      "properties": {
        "id": "veg/60",
        "class": "forest",
        "area_m2": 27436.19
      },
      "geometry": {
        "type": "Polygon",
        "coordinates": [
          [
            [
              4180.639212989598,
              20255.200227168854
            ],
            [
              4101.433601507393,
              20092.986998030916
            ],
            [
              3946.117292140785,
              20196.53730775183
            ],
            [
              4063.0058751575416,
              20317.35021160869
            ],
            [
              4180.639212989598,
              20255.200227168854
            ]
          ]
        ]
      }
    },
    {
      "type": "Feature",
      "properties": {
        "id": "veg/61",
        "class": "forest",
        "area_m2": 276984.87
      },
      "geometry": {
        "type": "Polygon",
        "coordinates": [
          [
            [
              3091.4937868525158,
              21019.75090341922
            ],
            [
              3144.2998205120675,
              20848.406527710613
            ],
            [
              3261.556485597219,
              20702.322762656026
            ],
            [
              3148.8413090190734,
              20476.55224154098
            ],
            [
              3064.0610579970526,
              20414.302360758185
            ],
            [
              2874.6457800817443,
              20374.152044945396
            ],
            [
              2743.1829463624163,
              20465.880818901584
            ],
            [
              2644.6231150983367,
              20607.604818542954
            ],
            [
              2786.388045200787,
              21007.455823333003
            ],
            [
              3091.4937868525158,
              21019.75090341922
            ]
          ]
        ]
      }
    },
    {
      "type": "Feature",
      "properties": {
        "id": "veg/62",
        "class": "forest",
        "area_m2": 573513.16
      },
      "geometry": {
        "type": "Polygon",
        "coordinates": [
          [
            [
              3620.552536281524,
              21295.811137340963
            ],
            [
              3577.527502916695,
              21475.812330017798
            ],
            [
              3627.8953858742025,
              21543.994117311202
            ],
            [
              3898.244863242726,
              21557.49865368288
            ],
            [
              4015.3335748886457,
              21613.755863059312
            ],
            [
              4128.745360984991,
              21516.16368072154
            ],
            [
              4305.028761039604,
              21454.77834574599
            ],
            [
              4333.428649481444,
              21362.4799644514
            ],
            [
              4279.108897925005,
              21208.176538382657
            ],
            [
              4259.908755489392,
              21001.681496036705
            ],
            [
              4186.45204077597,
              20954.729959978256
            ],
            [
              4051.581418613787,
              21048.18447262561
            ],
            [
              3950.9383812756278,
              20997.13333508745
            ],
            [
              3913.1832449930953,
              20866.51342867175
            ],
            [
              3823.813740532729,
              20829.07847598614
            ],
            [
              3718.3339882554137,
              20693.278971408028
            ],
            [
              3450.442294013221,
              20644.96387684159
            ],
            [
              3329.0547755478183,
              20745.087188367732
            ],
            [
              3303.722147712775,
              20978.634116762783
            ],
            [
              3491.3738824872416,
              21103.9594816342
            ],
            [
              3620.552536281524,
              21295.811137340963
            ]
          ]
        ]
      }
    },
    {
      "type": "Feature",
      "properties": {
        "id": "veg/63",
        "class": "forest",
        "area_m2": 615006.33
      },
      "geometry": {
        "type": "Polygon",
        "coordinates": [
          [
            [
              4817.190078772546,
              4464.227650430985
            ],
            [
              4820.318712333101,
              4468.157415120397
            ],
            [
              4954.947559688357,
              4604.30596575886
            ],
            [
              4969.831300317659,
              4641.542802497279
            ],
            [
              4994.985858247906,
              4710.095335726626
            ],
            [
              4988.9365419058595,
              4732.90368769411
            ],
            [
              5010.8428509093355,
              4815.786470586434
            ],
            [
              5339.721048114239,
              4901.4151316131465
            ],
            [
              5409.7435669441475,
              4850.13400414912
            ],
            [
              5342.14487631974,
              4668.747643902432
            ],
            [
              5463.622009709361,
              4549.771011641715
            ],
            [
              5591.068077084376,
              4652.509323201608
            ],
            [
              5752.6052601248375,
              4591.221433431841
            ],
            [
              5759.401917059091,
              4478.326564933173
            ],
            [
              5632.088873537898,
              4319.132444063202
            ],
            [
              5307.597057302948,
              4100.549004907254
            ],
            [
              5052.527751133079,
              4040.0340574481525
            ],
            [
              4915.354580339452,
              3838.4313369137235
            ],
            [
              4780.016236748372,
              3809.549715504516
            ],
            [
              4709.834043845243,
              3880.4628519620746
            ],
            [
              4669.084961860615,
              4188.090834578965
            ],
            [
              4782.608389294357,
              4430.021414354909
            ],
            [
              4809.008821397903,
              4456.719857056625
            ],
            [
              4817.190078772546,
              4464.227650430985
            ]
          ]
        ]
      }
    },
    {
      "type": "Feature",
      "properties": {
        "id": "veg/64",
        "class": "forest",
        "area_m2": 24436.38
      },
      "geometry": {
        "type": "Polygon",
        "coordinates": [
          [
            [
              7552.3092937108595,
              4498.764101029374
            ],
            [
              7484.815044962917,
              4436.055288102012
            ],
            [
              7387.147909573687,
              4479.516529790126
            ],
            [
              7393.075569261506,
              4624.911257112399
            ],
            [
              7506.894887738512,
              4634.691210732795
            ],
            [
              7552.3092937108595,
              4498.764101029374
            ]
          ]
        ]
      }
    },
    {
      "type": "Feature",
      "properties": {
        "id": "veg/65",
        "class": "forest",
        "area_m2": 1176071.27
      },
      "geometry": {
        "type": "Polygon",
        "coordinates": [
          [
            [
              6099.979560044245,
              4959.133543219417
            ],
            [
              5927.388938373828,
              5104.154690271243
            ],
            [
              5948.139351897989,
              5304.620607949328
            ],
            [
              6042.957422751875,
              5424.488217824604
            ],
            [
              6272.979554056539,
              5572.709131336771
            ],
            [
              6512.729938250384,
              5622.951315805316
            ],
            [
              6732.471994251013,
              5772.608100839425
            ],
            [
              6853.714208451274,
              5718.162950088736
            ],
            [
              6786.7898731471505,
              5519.030766738579
            ],
            [
              6522.057210214611,
              5175.08858175762
            ],
            [
              6585.610371711897,
              4974.994871522766
            ],
            [
              6527.457266416168,
              4735.589945523068
            ],
            [
              6558.644291669829,
              4530.267347829882
            ],
            [
              6668.536583685374,
              4410.806844038889
            ],
            [
              6619.968197868555,
              4315.284894661978
            ],
            [
              6478.465486406116,
              4230.852756904904
            ],
            [
              6448.033595100802,
              4043.3312635542825
            ],
            [
              6356.126235904754,
              4026.594228241127
            ],
            [
              6309.967181683634,
              4003.458951309789
            ],
            [
              6276.902089008654,
              3972.503260561265
            ],
            [
              6278.116751103953,
              3969.8340952312574
            ],
            [
              6250.445546768082,
              3949.7003737660125
            ],
            [
              6241.502165312937,
              3953.0667721526697
            ],
            [
              6236.577269989648,
              3939.609738805797
            ],
            [
              6155.183521406609,
              3880.3871967322193
            ],
            [
              6127.494602424209,
              3874.2318795085885
            ],
            [
              6115.612197474169,
              3882.041511251591
            ],
            [
              6084.75362170802,
              3864.7304506185465
            ],
            [
              6080.869763222639,
              3863.8670589835383
            ],
            [
              6062.820464993769,
              3869.854942421429
            ],
            [
              6055.872227068234,
              3858.3100430183113
            ],
            [
              6044.875312931836,
              3855.8654009927996
            ],
            [
              5839.853118780651,
              3931.671387854498
            ],
            [
              5790.737086746725,
              4034.188344609458
            ],
            [
              5587.831172395323,
              3997.38503532717
            ],
            [
              5525.965519755671,
              4143.307376544457
            ],
            [
              6108.959716939193,
              4872.079676071182
            ],
            [
              6099.979560044245,
              4959.133543219417
            ]
          ]
        ]
      }
    },
    {
      "type": "Feature",
      "properties": {
        "id": "veg/66",
        "class": "forest",
        "area_m2": 32815.59
      },
      "geometry": {
        "type": "Polygon",
        "coordinates": [
          [
            [
              7665.788941622945,
              5078.24517551437
            ],
            [
              7540.922704686818,
              4922.8959007686935
            ],
            [
              7456.866921596811,
              4932.907536380924
            ],
            [
              7466.910238658718,
              5123.903890104964
            ],
            [
              7592.202986080258,
              5159.899072395638
            ],
            [
              7665.788941622945,
              5078.24517551437
            ]
          ]
        ]
      }
    },
    {
      "type": "Feature",
      "properties": {
        "id": "veg/67",
        "class": "forest",
        "area_m2": 22726.01
      },
      "geometry": {
        "type": "Polygon",
        "coordinates": [
          [
            [
              7045.940305720898,
              5444.208570674062
            ],
            [
              6942.032155086461,
              5570.812451413367
            ],
            [
              7035.069335100416,
              5647.261221878696
            ],
            [
              7165.539975449443,
              5577.082443758845
            ],
            [
              7045.940305720898,
              5444.208570674062
            ]
          ]
        ]
      }
    },
    {
      "type": "Feature",
      "properties": {
        "id": "veg/68",
        "class": "forest",
        "area_m2": 426727.78
      },
      "geometry": {
        "type": "Polygon",
        "coordinates": [
          [
            [
              5730.809329852345,
              5822.3266802509315
            ],
            [
              5646.90179000987,
              5938.30168504687
            ],
            [
              5636.18048882368,
              6101.6145305647515
            ],
            [
              5636.600961896416,
              6104.541820988525
            ],
            [
              5636.772068312159,
              6153.126835349947
            ],
            [
              5632.433710179059,
              6158.687554757111
            ],
            [
              5631.831508765987,
              6167.86062289821
            ],
            [
              5639.1052140836255,
              6192.202035173774
            ],
            [
              5642.1850339528755,
              6195.797062132973
            ],
            [
              5649.579253481119,
              6215.672679926734
            ],
            [
              5648.78566374426,
              6224.597603308037
            ],
            [
              5669.465966150106,
              6293.804114277009
            ],
            [
              5805.436313551618,
              6360.024541280698
            ],
            [
              5966.386588930851,
              6310.94693276519
            ],
            [
              6106.975942326128,
              6218.279785426334
            ],
            [
              6159.064099752635,
              6130.630414618645
            ],
            [
              6180.339557226689,
              6092.83020845009
            ],
            [
              6183.7295522929635,
              6089.125560105778
            ],
            [
              6199.86271269538,
              6061.9780964925885
            ],
            [
              6114.655754228355,
              5761.926748608239
            ],
            [
              5968.36326555378,
              5649.5373959844
            ],
            [
              5924.656935689563,
              5320.149339732714
            ],
            [
              5623.356837046216,
              5263.705849000718
            ],
            [
              5573.672994020162,
              5337.416184626985
            ],
            [
              5590.604237826425,
              5498.574740860611
            ],
            [
              5591.2895762717235,
              5498.987402836792
            ],
            [
              5599.169321799185,
              5527.702463491354
            ],
            [
              5594.295409765618,
              5533.708836579695
            ],
            [
              5598.921999234648,
              5577.746621850878
            ],
            [
              5700.611310497217,
              5653.43893878907
            ],
            [
              5730.809329852345,
              5822.3266802509315
            ]
          ]
        ]
      }
    },
    {
      "type": "Feature",
      "properties": {
        "id": "veg/69",
        "class": "forest",
        "area_m2": 469675.09
      },
      "geometry": {
        "type": "Polygon",
        "coordinates": [
          [
            [
              5169.725605788408,
              8646.677171319723
            ],
            [
              5283.70390804077,
              8581.150634897873
            ],
            [
              5548.110847300675,
              8543.667018791195
            ],
            [
              5932.304339474882,
              8651.806456744205
            ],
            [
              6203.691237311927,
              8495.952163218986
            ],
            [
              6215.88177287305,
              8435.948839923833
            ],
            [
              6151.389805801271,
              8357.221658550669
            ],
            [
              6136.74874171894,
              8352.066302638035
            ],
            [
              6104.702418404049,
              8314.026984411292
            ],
            [
              6088.1833728145575,
              8296.417348779738
            ],
            [
              6078.510116941237,
              8285.026379599236
            ],
            [
              6069.754756715614,
              8268.865987022873
            ],
            [
              6062.743986367481,
              8249.00918153394
            ],
            [
              5994.672108335188,
              8165.911900870968
            ],
            [
              5797.70394849556,
              8192.187112601474
            ],
            [
              5768.3215476154,
              8290.259389382787
            ],
            [
              5768.523917118437,
              8291.750236491207
            ],
            [
              5763.885708307382,
              8305.06528840214
            ],
            [
              5747.559401424602,
              8307.800947327167
            ],
            [
              5719.47940398613,
              8313.612020214088
            ],
            [
              5717.045031091664,
              8314.709615856875
            ],
            [
              5713.9270004236605,
              8313.190825228114
            ],
            [
              5710.5018732479075,
              8311.870134074707
            ],
            [
              5706.045662615099,
              8315.562077312265
            ],
            [
              5703.211097277235,
              8317.156412113924
            ],
            [
              5699.564298147627,
              8317.628917025868
            ],
            [
              5700.204092886066,
              8313.434220765252
            ],
            [
              5705.272049637977,
              8307.4301550854
            ],
            [
              5704.070123436628,
              8304.21363783162
            ],
            [
              5708.633325578121,
              8299.314991713502
            ],
            [
              5717.265944530547,
              8295.4738589935
            ],
            [
              5743.345188438951,
              8302.169012330938
            ],
            [
              5739.730913862237,
              8297.137542223558
            ],
            [
              5731.565636833839,
              8293.99245782569
            ],
            [
              5724.7059920060565,
              8293.665630303323
            ],
            [
              5718.246990847634,
              8292.731324843131
            ],
            [
              5708.580424805637,
              8287.176970499568
            ],
            [
              5702.738484918722,
              8285.137708919123
            ],
            [
              5698.302553359943,
              8283.823999029119
            ],
            [
              5694.783489109541,
              8280.487346508075
            ],
            [
              5691.477500494511,
              8274.958779395558
            ],
            [
              5688.948745084344,
              8274.15115915006
            ],
            [
              5686.6421538532595,
              8271.428526652046
            ],
            [
              5680.899025905528,
              8270.198123155627
            ],
            [
              5677.577571180416,
              8265.965229697991
            ],
            [
              5678.203966536617,
              8262.556778009981
            ],
            [
              5680.821739841194,
              8264.073533929884
            ],
            [
              5684.660894561326,
              8261.48654706031
            ],
            [
              5686.455021860427,
              8261.24233763991
            ],
            [
              5530.673854841385,
              8173.075866112951
            ],
            [
              5514.176473155152,
              8167.949005726725
            ],
            [
              5487.956211787008,
              8171.14142452972
            ],
            [
              5480.600243858527,
              8182.463225333486
            ],
            [
              5468.310950064624,
              8186.6884233118035
            ],
            [
              5453.826587785501,
              8185.843664776534
            ],
            [
              5441.419972972304,
              8173.600429863669
            ],
            [
              5433.51136976009,
              8165.007831002586
            ],
            [
              5442.118366383715,
              8149.80385829322
            ],
            [
              5431.8033424104215,
              8142.350062273443
            ],
            [
              5374.650410996459,
              8124.588752896991
            ],
            [
              5279.125993014546,
              8152.271223529708
            ],
            [
              5196.376547014574,
              8305.142338873353
            ],
            [
              5110.716471005522,
              8357.604910731781
            ],
            [
              5017.706672618806,
              8304.063082734589
            ],
            [
              4813.975471345999,
              8413.931953910273
            ],
            [
              4851.940139585873,
              8576.078618546017
            ],
            [
              4932.484224787215,
              8623.378910372965
            ],
            [
              5169.725605788408,
              8646.677171319723
            ]
          ]
        ]
      }
    },
    {
      "type": "Feature",
      "properties": {
        "id": "veg/70",
        "class": "forest",
        "area_m2": 110911.56
      },
      "geometry": {
        "type": "Polygon",
        "coordinates": [
          [
            [
              6765.685634342779,
              8892.465005816426
            ],
            [
              6965.451830527047,
              8837.356897936668
            ],
            [
              7014.325365645578,
              8751.909844225273
            ],
            [
              6894.474292381667,
              8622.822819081135
            ],
            [
              6785.420649493346,
              8671.328095866833
            ],
            [
              6536.327805121953,
              8568.89716557879
            ],
            [
              6412.808863981452,
              8686.15221114643
            ],
            [
              6608.919407660316,
              8833.063332756516
            ],
            [
              6765.685634342779,
              8892.465005816426
            ]
          ]
        ]
      }
    },
    {
      "type": "Feature",
      "properties": {
        "id": "veg/71",
        "class": "forest",
        "area_m2": 42968.97
      },
      "geometry": {
        "type": "Polygon",
        "coordinates": [
          [
            [
              5369.624909751641,
              8950.51954497816
            ],
            [
              5475.185119663191,
              8907.81590656843
            ],
            [
              5511.554731109762,
              8769.628293128684
            ],
            [
              5431.560966885707,
              8690.941367442254
            ],
            [
              5283.275369350915,
              8754.225360120647
            ],
            [
              5269.92506468948,
              8870.879340789746
            ],
            [
              5369.624909751641,
              8950.51954497816
            ]
          ]
        ]
      }
    },
    {
      "type": "Feature",
      "properties": {
        "id": "veg/72",
        "class": "forest",
        "area_m2": 38346.66
      },
      "geometry": {
        "type": "Polygon",
        "coordinates": [
          [
            [
              6172.146130813169,
              9390.075360992458
            ],
            [
              6174.194883453369,
              9198.262588067912
            ],
            [
              6048.05685029336,
              9177.780273355078
            ],
            [
              5965.970399872924,
              9263.348299994133
            ],
            [
              6013.284604588815,
              9410.833387206309
            ],
            [
              6172.146130813169,
              9390.075360992458
            ]
          ]
        ]
      }
    },
    {
      "type": "Feature",
      "properties": {
        "id": "veg/73",
        "class": "forest",
        "area_m2": 68759.02
      },
      "geometry": {
        "type": "Polygon",
        "coordinates": [
          [
            [
              6458.604029572452,
              9624.430979306344
            ],
            [
              6482.569754777127,
              9470.834086894058
            ],
            [
              6399.259931317007,
              9338.210929805413
            ],
            [
              6269.648333132151,
              9345.86865169229
            ],
            [
              6209.501106173324,
              9547.895754896104
            ],
            [
              6327.480064451753,
              9700.813461198471
            ],
            [
              6458.604029572452,
              9624.430979306344
            ]
          ]
        ]
      }
    },
    {
      "type": "Feature",
      "properties": {
        "id": "veg/74",
        "class": "forest",
        "area_m2": 96512.83
      },
      "geometry": {
        "type": "Polygon",
        "coordinates": [
          [
            [
              7334.861749637697,
              10051.324302182999
            ],
            [
              7457.980274214235,
              10087.6900343257
            ],
            [
              7555.912184285582,
              9996.19684439525
            ],
            [
              7528.703544408781,
              9753.826856547035
            ],
            [
              7413.113784201269,
              9606.936032335274
            ],
            [
              7293.809659441642,
              9603.4282986857
            ],
            [
              7257.462506369164,
              9757.27848760644
            ],
            [
              7347.787801678234,
              9898.558152162936
            ],
            [
              7334.861749637697,
              10051.324302182999
            ]
          ]
        ]
      }
    },
    {
      "type": "Feature",
      "properties": {
        "id": "veg/75",
        "class": "forest",
        "area_m2": 74086.16
      },
      "geometry": {
        "type": "Polygon",
        "coordinates": [
          [
            [
              5072.230591359432,
              11681.154442297295
            ],
            [
              5141.689867129957,
              11537.562180506997
            ],
            [
              5068.564220412925,
              11456.226221013814
            ],
            [
              4894.211405774113,
              11483.505529734772
            ],
            [
              4745.189652231347,
              11618.131744405255
            ],
            [
              4811.099200842495,
              11784.143611341715
            ],
            [
              4962.424849076488,
              11682.898785742
            ],
            [
              5072.230591359432,
              11681.154442297295
            ]
          ]
        ]
      }
    },
    {
      "type": "Feature",
      "properties": {
        "id": "veg/76",
        "class": "forest",
        "area_m2": 151868.56
      },
      "geometry": {
        "type": "Polygon",
        "coordinates": [
          [
            [
              7942.026706088334,
              11911.565660227556
            ],
            [
              8016.671354153077,
              12027.508137115743
            ],
            [
              8164.875055209792,
              11999.985672226176
            ],
            [
              8175.194414577971,
              11804.850221071392
            ],
            [
              8126.121626187116,
              11730.73164114682
            ],
            [
              7896.83841253334,
              11737.628958380781
            ],
            [
              7789.307478047733,
              11622.806220212486
            ],
            [
              7584.929397019965,
              11666.371654716786
            ],
            [
              7548.7097037534695,
              11841.493270471226
            ],
            [
              7550.117825879599,
              11849.635874785483
            ],
            [
              7543.179041158874,
              11878.378966670949
            ],
            [
              7540.520024147874,
              11881.090235428885
            ],
            [
              7672.089062445972,
              11955.640514429193
            ],
            [
              7813.4009226351045,
              11876.624244838487
            ],
            [
              7942.026706088334,
              11911.565660227556
            ]
          ]
        ]
      }
    },
    {
      "type": "Feature",
      "properties": {
        "id": "veg/77",
        "class": "forest",
        "area_m2": 405543.9
      },
      "geometry": {
        "type": "Polygon",
        "coordinates": [
          [
            [
              7318.675605237018,
              16946.989577759057
            ],
            [
              7560.0919356019,
              17267.433146661613
            ],
            [
              7780.301539982262,
              17075.247732656077
            ],
            [
              8001.734076434339,
              16683.373858728446
            ],
            [
              7939.86544362671,
              16563.307855978608
            ],
            [
              7895.777992737887,
              16548.772061538417
            ],
            [
              7835.289182229724,
              16548.999830860645
            ],
            [
              7807.496182764182,
              16531.362440749537
            ],
            [
              7788.465408403194,
              16519.288311696146
            ],
            [
              7782.130836162134,
              16511.30217672093
            ],
            [
              7777.306927721191,
              16509.711716395337
            ],
            [
              7760.117371770728,
              16483.549316510092
            ],
            [
              7737.653273265518,
              16455.22833193047
            ],
            [
              7736.963879384624,
              16448.30984154716
            ],
            [
              7703.832997740246,
              16397.884840655606
            ],
            [
              7694.688097607112,
              16352.229359800462
            ],
            [
              7694.769121932914,
              16349.19325700868
            ],
            [
              7669.070636951248,
              16211.139740203042
            ],
            [
              7524.028786349227,
              16218.591156528331
            ],
            [
              7527.515662978403,
              16297.07710800087
            ],
            [
              7535.960409566527,
              16308.781163387
            ],
            [
              7529.77573131083,
              16347.948885906022
            ],
            [
              7423.265647449007,
              16582.972835903056
            ],
            [
              7283.505772206816,
              16654.11619585147
            ],
            [
              7344.7664470167365,
              16836.33197951829
            ],
            [
              7318.675605237018,
              16946.989577759057
            ]
          ]
        ]
      }
    },
    {
      "type": "Feature",
      "properties": {
        "id": "veg/78",
        "class": "forest",
        "area_m2": 177163.09
      },
      "geometry": {
        "type": "Polygon",
        "coordinates": [
          [
            [
              6988.657827034185,
              17247.798320254777
            ],
            [
              6982.473124472308,
              17149.68363522552
            ],
            [
              7111.066248908639,
              17036.589885808527
            ],
            [
              7153.840397410386,
              16900.565771288704
            ],
            [
              7078.789553052629,
              16779.128817125224
            ],
            [
              6857.423130106472,
              16729.39621049585
            ],
            [
              6698.107305988786,
              16882.553008643445
            ],
            [
              6694.898939416977,
              16957.36113256123
            ],
            [
              6699.943646662636,
              16966.61897062091
            ],
            [
              6706.165726989915,
              16991.817667008843
            ],
            [
              6691.782801465539,
              17030.0188008165
            ],
            [
              6687.801080043719,
              17122.85891208984
            ],
            [
              6903.730952798738,
              17313.56742362026
            ],
            [
              6988.657827034185,
              17247.798320254777
            ]
          ]
        ]
      }
    },
    {
      "type": "Feature",
      "properties": {
        "id": "veg/79",
        "class": "forest",
        "area_m2": 30317.65
      },
      "geometry": {
        "type": "Polygon",
        "coordinates": [
          [
            [
              7331.492713387415,
              17102.005222876556
            ],
            [
              7226.656811448862,
              17018.90481591504
            ],
            [
              7137.002373673604,
              17100.454434151296
            ],
            [
              7140.496208062395,
              17213.62551968079
            ],
            [
              7273.2804687497555,
              17254.51093720831
            ],
            [
              7331.492713387415,
              17102.005222876556
            ]
          ]
        ]
      }
    },
    {
      "type": "Feature",
      "properties": {
        "id": "veg/80",
        "class": "forest",
        "area_m2": 20738.03
      },
      "geometry": {
        "type": "Polygon",
        "coordinates": [
          [
            [
              7172.759394796332,
              18039.225358315278
            ],
            [
              7029.824770710897,
              18114.54299317673
            ],
            [
              7107.510716955236,
              18240.0660111038
            ],
            [
              7213.836132451135,
              18183.80260216957
            ],
            [
              7172.759394796332,
              18039.225358315278
            ]
          ]
        ]
      }
    },
    {
      "type": "Feature",
      "properties": {
        "id": "veg/81",
        "class": "forest",
        "area_m2": 4197774.09
      },
      "geometry": {
        "type": "Polygon",
        "coordinates": [
          [
            [
              5700.712626238936,
              21269.965588785708
            ],
            [
              6030.627988090273,
              21244.675064219162
            ],
            [
              6882.942770637048,
              21253.233990540262
            ],
            [
              7169.4486824852065,
              21224.04261609679
            ],
            [
              7330.9744013101445,
              21003.695941133425
            ],
            [
              7495.862722784572,
              20963.808131409343
            ],
            [
              7524.468292755017,
              20809.542773732916
            ],
            [
              7468.625771754538,
              20683.543384708464
            ],
            [
              7331.927891216357,
              20685.087364003994
            ],
            [
              7257.566989382205,
              20609.244823970832
            ],
            [
              7147.795224006055,
              20614.949558789842
            ],
            [
              7054.095165383478,
              20783.369696226437
            ],
            [
              6941.266324066499,
              20783.027403133456
            ],
            [
              6771.068642103521,
              20547.640059635974
            ],
            [
              6790.991374202364,
              20449.609657826833
            ],
            [
              6920.498801030393,
              20427.139502220787
            ],
            [
              7096.820745109697,
              20544.42404880328
            ],
            [
              7163.620856586611,
              20539.447086979635
            ],
            [
              7285.034392029513,
              20390.33844595775
            ],
            [
              7357.877287449432,
              20405.144993700087
            ],
            [
              7502.468562999507,
              20570.973358951975
            ],
            [
              7604.815330258163,
              20484.858988006134
            ],
            [
              7627.445515573665,
              20347.84727951698
            ],
            [
              7540.060036956158,
              20247.989188632462
            ],
            [
              7545.502535487118,
              20116.135271787643
            ],
            [
              7821.823945391399,
              19926.354842574336
            ],
            [
              7953.113006205531,
              19963.74167935131
            ],
            [
              8010.332510023261,
              19884.14494219143
            ],
            [
              8004.141782633495,
              19722.707591733895
            ],
            [
              8068.99822096125,
              19570.52310897922
            ],
            [
              7787.302920047834,
              19330.10125300428
            ],
            [
              7517.83577029244,
              19302.808344574645
            ],
            [
              7429.08131124184,
              19207.63985777367
            ],
            [
              7467.2930253878,
              19106.487294013146
            ],
            [
              7320.724300980393,
              18667.130105986726
            ],
            [
              7183.0454658186645,
              18569.859184278175
            ],
            [
              7058.418303638173,
              18568.685731078964
            ],
            [
              6916.426434199326,
              18498.702044398524
            ],
            [
              6435.189777674794,
              18781.065188771114
            ],
            [
              6430.805265874194,
              18898.517052728217
            ],
            [
              6434.532253655081,
              18911.2517201039
            ],
            [
              6429.443290151656,
              18935.001522277016
            ],
            [
              6425.787265872292,
              19032.938735314645
            ],
            [
              6399.375559593318,
              19077.02941761352
            ],
            [
              6374.525560913025,
              19103.62840159796
            ],
            [
              6353.282983257668,
              19094.083073224407
            ],
            [
              6333.002445979742,
              19104.316802815534
            ],
            [
              6254.419809583516,
              19164.769328687806
            ],
            [
              6243.206065555802,
              19189.709231422283
            ],
            [
              6246.5219979067915,
              19194.54644604167
            ],
            [
              6196.89251152979,
              19302.886642313097
            ],
            [
              6193.736451000033,
              19326.130750439595
            ],
            [
              6177.908482961066,
              19357.064121480566
            ],
            [
              6153.701534196967,
              19388.771587479394
            ],
            [
              5831.310326810635,
              19660.701425668783
            ],
            [
              5770.05494082591,
              19815.843695798423
            ],
            [
              5923.152755056042,
              20013.844996387605
            ],
            [
              6143.929141344153,
              19991.21535131475
            ],
            [
              6223.98483257764,
              20056.513489018194
            ],
            [
              6239.186771404347,
              20188.978976096492
            ],
            [
              5953.55527271115,
              20268.755085668992
            ],
            [
              5820.165741280187,
              20604.628791167866
            ],
            [
              5678.839907557529,
              20657.243102412205
            ],
            [
              5635.669869518373,
              20704.72946926579
            ],
            [
              5637.1767298635095,
              20711.67170880502
            ],
            [
              5629.68800576916,
              20711.309425860178
            ],
            [
              5592.929264156206,
              20751.743466889486
            ],
            [
              5233.318015769939,
              20823.313226053957
            ],
            [
              5182.322109442903,
              20937.633556180634
            ],
            [
              5375.58470256452,
              21157.08319281973
            ],
            [
              5700.712626238936,
              21269.965588785708
            ]
          ]
        ]
      }
    },
    {
      "type": "Feature",
      "properties": {
        "id": "veg/82",
        "class": "forest",
        "area_m2": 27932.42
      },
      "geometry": {
        "type": "Polygon",
        "coordinates": [
          [
            [
              5048.077249148395,
              20995.298706700094
            ],
            [
              5078.090229532332,
              20849.87608121941
            ],
            [
              4929.2392020514235,
              20812.886287885252
            ],
            [
              4855.1921901614405,
              20888.97370215226
            ],
            [
              4929.852055836702,
              20984.872228247114
            ],
            [
              5048.077249148395,
              20995.298706700094
            ]
          ]
        ]
      }
    },
    {
      "type": "Feature",
      "properties": {
        "id": "veg/83",
        "class": "forest",
        "area_m2": 23363.79
      },
      "geometry": {
        "type": "Polygon",
        "coordinates": [
          [
            [
              7501.8227288821945,
              21980.761755920947
            ],
            [
              7470.117344099388,
              21831.53524684906
            ],
            [
              7377.977358165022,
              21844.47861188231
            ],
            [
              7322.8936263083015,
              21950.33700842643
            ],
            [
              7402.557372757932,
              22030.671506644227
            ],
            [
              7501.8227288821945,
              21980.761755920947
            ]
          ]
        ]
      }
    },
    {
      "type": "Feature",
      "properties": {
        "id": "veg/84",
        "class": "forest",
        "area_m2": 1372280.56
      },
      "geometry": {
        "type": "Polygon",
        "coordinates": [
          [
            [
              5268.259212723933,
              21999.726363499183
            ],
            [
              5416.345707508561,
              22180.050712784287
            ],
            [
              5720.109078993555,
              22403.394856166095
            ],
            [
              6052.364742820151,
              22304.694380101748
            ],
            [
              6223.899434887455,
              22066.386597337667
            ],
            [
              6165.056206252542,
              21928.321924594697
            ],
            [
              6256.499860597542,
              21831.916098701302
            ],
            [
              6592.299481702561,
              21711.30955402879
            ],
            [
              6747.473996442452,
              21736.38441206189
            ],
            [
              7042.382520355284,
              21724.152386687696
            ],
            [
              7099.542015532206,
              21540.09179278463
            ],
            [
              7190.4970544002135,
              21506.59851993015
            ],
            [
              7228.194153162709,
              21355.011454838328
            ],
            [
              7027.149490694515,
              21268.975633897353
            ],
            [
              6554.829870849673,
              21252.027619223576
            ],
            [
              6184.561507174862,
              21284.997689973097
            ],
            [
              6038.285940697824,
              21407.922728174366
            ],
            [
              5826.996522099886,
              21342.123203585856
            ],
            [
              5563.616246417107,
              21391.605883745942
            ],
            [
              5383.008603335009,
              21552.257423822302
            ],
            [
              4970.970246996905,
              21587.094105888624
            ],
            [
              4925.274540783081,
              21803.069097440224
            ],
            [
              4951.8279431394185,
              21882.339626703877
            ],
            [
              5268.259212723933,
              21999.726363499183
            ]
          ]
        ]
      }
    },
    {
      "type": "Feature",
      "properties": {
        "id": "veg/85",
        "class": "forest",
        "area_m2": 232334.1
      },
      "geometry": {
        "type": "Polygon",
        "coordinates": [
          [
            [
              4718.285534952825,
              21320.443571019452
            ],
            [
              4764.849992235657,
              21453.453296459746
            ],
            [
              4930.751500837738,
              21465.391546857078
            ],
            [
              4967.071777567675,
              21289.36163395364
            ],
            [
              4889.786395943316,
              21020.72569642309
            ],
            [
              4846.664791162126,
              20977.256302861497
            ],
            [
              4526.576429684821,
              20875.47586201271
            ],
            [
              4400.104643115192,
              20894.327443234622
            ],
            [
              4296.063052227721,
              21031.328723268118
            ],
            [
              4405.5487523809425,
              21244.251874940004
            ],
            [
              4563.777259198425,
              21224.923461713362
            ],
            [
              4718.285534952825,
              21320.443571019452
            ]
          ]
        ]
      }
    },
    {
      "type": "Feature",
      "properties": {
        "id": "veg/86",
        "class": "forest",
        "area_m2": 184394.26
      },
      "geometry": {
        "type": "Polygon",
        "coordinates": [
          [
            [
              7919.944133045035,
              29161.92958789831
            ],
            [
              7987.5854540625005,
              29063.456943089142
            ],
            [
              7928.313521247532,
              28761.733071625233
            ],
            [
              7770.807309472992,
              28683.366482536774
            ],
            [
              7652.624045173463,
              28892.423967103474
            ],
            [
              7507.343157447642,
              29002.537217956502
            ],
            [
              7523.048588528414,
              29222.415359691717
            ],
            [
              7694.5261133397,
              29282.726339860354
            ],
            [
              7919.944133045035,
              29161.92958789831
            ]
          ]
        ]
      }
    },
    {
      "type": "Feature",
      "properties": {
        "id": "veg/87",
        "class": "forest",
        "area_m2": 36706.31
      },
      "geometry": {
        "type": "Polygon",
        "coordinates": [
          [
            [
              8202.668368116138,
              5186.403583477717
            ],
            [
              8158.90402885509,
              5078.818697804119
            ],
            [
              8053.942668068688,
              5031.94069597451
            ],
            [
              7967.08635437995,
              5109.999770537019
            ],
            [
              7991.22024358483,
              5238.738089152612
            ],
            [
              8116.37096482527,
              5258.186171920039
            ],
            [
              8202.668368116138,
              5186.403583477717
            ]
          ]
        ]
      }
    },
    {
      "type": "Feature",
      "properties": {
        "id": "veg/88",
        "class": "forest",
        "area_m2": 52497.97
      },
      "geometry": {
        "type": "Polygon",
        "coordinates": [
          [
            [
              8210.235220326693,
              6653.885888078716
            ],
            [
              8263.373573313525,
              6548.323748175986
            ],
            [
              8044.949671043782,
              6423.788056756835
            ],
            [
              7940.243163986772,
              6466.643862512894
            ],
            [
              7932.076019183733,
              6579.0611418494955
            ],
            [
              8000.290577225271,
              6641.500108980108
            ],
            [
              8210.235220326693,
              6653.885888078716
            ]
          ]
        ]
      }
    },
    {
      "type": "Feature",
      "properties": {
        "id": "veg/89",
        "class": "forest",
        "area_m2": 65739.97
      },
      "geometry": {
        "type": "Polygon",
        "coordinates": [
          [
            [
              8433.181754567253,
              6966.529254023917
            ],
            [
              8481.86907343223,
              6885.425999544561
            ],
            [
              8389.205937608844,
              6733.642750381492
            ],
            [
              8188.964395536052,
              6769.261100445874
            ],
            [
              8125.368990758725,
              6931.173373777419
            ],
            [
              8188.553020914376,
              6991.345091257244
            ],
            [
              8433.181754567253,
              6966.529254023917
            ]
          ]
        ]
      }
    },
    {
      "type": "Feature",
      "properties": {
        "id": "veg/90",
        "class": "forest",
        "area_m2": 84087.11
      },
      "geometry": {
        "type": "Polygon",
        "coordinates": [
          [
            [
              9732.691994583467,
              6996.037072619889
            ],
            [
              9599.876805188193,
              7000.564235327765
            ],
            [
              9535.790920207452,
              7053.622143986169
            ],
            [
              9528.325842016959,
              7080.719692551065
            ],
            [
              9490.076279252477,
              7091.470154431183
            ],
            [
              9416.836479342252,
              7152.106761305593
            ],
            [
              9421.646647247428,
              7259.448534304742
            ],
            [
              9629.70962418546,
              7358.377466941718
            ],
            [
              9730.240780225664,
              7292.081451938022
            ],
            [
              9732.691994583467,
              6996.037072619889
            ]
          ]
        ]
      }
    },
    {
      "type": "Feature",
      "properties": {
        "id": "veg/91",
        "class": "forest",
        "area_m2": 118964.69
      },
      "geometry": {
        "type": "Polygon",
        "coordinates": [
          [
            [
              9651.799203150207,
              7639.7234966252
            ],
            [
              9686.170817763254,
              7557.7465998809785
            ],
            [
              9622.112141066347,
              7436.026481119916
            ],
            [
              9357.232524165069,
              7274.96906934306
            ],
            [
              9220.831597722077,
              7356.816539364401
            ],
            [
              9219.968933560187,
              7430.557526613586
            ],
            [
              9355.71274544415,
              7631.851395483594
            ],
            [
              9441.940283405478,
              7684.474732382223
            ],
            [
              9651.799203150207,
              7639.7234966252
            ]
          ]
        ]
      }
    },
    {
      "type": "Feature",
      "properties": {
        "id": "veg/92",
        "class": "forest",
        "area_m2": 187569.35
      },
      "geometry": {
        "type": "Polygon",
        "coordinates": [
          [
            [
              8266.983358222235,
              7810.90663642576
            ],
            [
              8309.278968654631,
              7760.820510553662
            ],
            [
              8243.52594114741,
              7399.115021677688
            ],
            [
              8093.511906659813,
              7205.330055412371
            ],
            [
              7981.965702416026,
              7178.529941376299
            ],
            [
              7945.539167437237,
              7270.357990067452
            ],
            [
              7959.190234114183,
              7274.55597395543
            ],
            [
              7947.436455542804,
              7318.616973503958
            ],
            [
              7921.205345615104,
              7350.279948508367
            ],
            [
              7913.5093933976605,
              7351.10219622869
            ],
            [
              7887.032961054356,
              7417.846922835335
            ],
            [
              7780.568827568437,
              7576.907010818366
            ],
            [
              7932.127667139575,
              7667.219557270873
            ],
            [
              8266.983358222235,
              7810.90663642576
            ]
          ]
        ]
      }
    },
    {
      "type": "Feature",
      "properties": {
        "id": "veg/93",
        "class": "forest",
        "area_m2": 47584.06
      },
      "geometry": {
        "type": "Polygon",
        "coordinates": [
          [
            [
              9333.772298684518,
              7678.222766186576
            ],
            [
              9218.772636615555,
              7478.584897414781
            ],
            [
              9085.20521579514,
              7528.568320450839
            ],
            [
              9059.353131930402,
              7663.492718425579
            ],
            [
              9223.853917228349,
              7764.69333059201
            ],
            [
              9333.772298684518,
              7678.222766186576
            ]
          ]
        ]
      }
    },
    {
      "type": "Feature",
      "properties": {
        "id": "veg/94",
        "class": "forest",
        "area_m2": 169378.0
      },
      "geometry": {
        "type": "Polygon",
        "coordinates": [
          [
            [
              8605.0401324298,
              7685.8199238097295
            ],
            [
              8744.78502031893,
              7606.422023570631
            ],
            [
              8679.716222962423,
              7323.190366079565
            ],
            [
              8466.898642099928,
              7243.468033413868
            ],
            [
              8328.45000835997,
              7105.007742605172
            ],
            [
              8225.899388294027,
              7114.837314550765
            ],
            [
              8149.435124853917,
              7242.915536663029
            ],
            [
              8358.857114060782,
              7521.8360937354155
            ],
            [
              8527.69566633401,
              7552.823391369544
            ],
            [
              8605.0401324298,
              7685.8199238097295
            ]
          ]
        ]
      }
    },
    {
      "type": "Feature",
      "properties": {
        "id": "veg/95",
        "class": "forest",
        "area_m2": 85628.96
      },
      "geometry": {
        "type": "Polygon",
        "coordinates": [
          [
            [
              10986.837177857698,
              9009.699409249704
            ],
            [
              10947.292734773539,
              9186.715605793055
            ],
            [
              11089.739169000997,
              9339.512209224049
            ],
            [
              11198.858346206951,
              9220.9078516257
            ],
            [
              11157.164310409105,
              8907.657429342624
            ],
            [
              11014.996312044852,
              8841.163272736128
            ],
            [
              10954.811944418296,
              8904.33595379442
            ],
            [
              10986.837177857698,
              9009.699409249704
            ]
          ]
        ]
      }
    },
    {
      "type": "Feature",
      "properties": {
        "id": "veg/96",
        "class": "forest",
        "area_m2": 389838.6
      },
      "geometry": {
        "type": "Polygon",
        "coordinates": [
          [
            [
              10469.084207516338,
              8456.146982151084
            ],
            [
              10569.436557071516,
              8749.234429437667
            ],
            [
              10519.69765075948,
              8927.407861917745
            ],
            [
              10616.062391590967,
              8990.340659540612
            ],
            [
              10844.973832593358,
              8933.722107206006
            ],
            [
              10888.729305519082,
              8829.388806117699
            ],
            [
              10789.956550260482,
              8730.834146329202
            ],
            [
              10855.839754304732,
              8612.276613302063
            ],
            [
              11070.13455688866,
              8618.490733554121
            ],
            [
              11112.383707363042,
              8540.281741232146
            ],
            [
              11121.490354678244,
              8332.18307044264
            ],
            [
              11033.95620451041,
              8265.69908353081
            ],
            [
              10927.068625508866,
              8308.715909845196
            ],
            [
              10600.408738231577,
              8231.01866484154
            ],
            [
              10517.489897397696,
              8078.917827450205
            ],
            [
              10435.315327615826,
              8082.594256798271
            ],
            [
              10273.500959431694,
              8264.860769598745
            ],
            [
              10275.846782742476,
              8414.968296010047
            ],
            [
              10469.084207516338,
              8456.146982151084
            ]
          ]
        ]
      }
    },
    {
      "type": "Feature",
      "properties": {
        "id": "veg/97",
        "class": "forest",
        "area_m2": 3607173.63
      },
      "geometry": {
        "type": "Polygon",
        "coordinates": [
          [
            [
              8016.72781509714,
              8659.63249399094
            ],
            [
              8148.546599929861,
              8799.871528713964
            ],
            [
              8343.202656669193,
              8866.59154279204
            ],
            [
              8358.27541498089,
              9074.239059832413
            ],
            [
              8240.622486390232,
              9112.057908945251
            ],
            [
              8094.602747850935,
              9060.513463211246
            ],
            [
              8014.985572185542,
              9120.438229233492
            ],
            [
              7899.825562880898,
              9103.730371607002
            ],
            [
              7785.658424610214,
              9176.608176571317
            ],
            [
              7825.399380011833,
              9597.548994575627
            ],
            [
              7990.335672597692,
              9680.15615776414
            ],
            [
              8125.966367915564,
              9626.996777692344
            ],
            [
              8200.646448258602,
              9659.021093033254
            ],
            [
              8248.485784577206,
              9828.065126308706
            ],
            [
              8054.610658324673,
              9928.198984014802
            ],
            [
              7931.955767188221,
              10262.916034071706
            ],
            [
              8046.040218132897,
              10372.045458294917
            ],
            [
              8098.87591455091,
              10510.535603001714
            ],
            [
              8350.385585694341,
              10526.0883496725
            ],
            [
              8468.909702300793,
              10486.062910140026
            ],
            [
              8589.431568729517,
              10356.316135769244
            ],
            [
              8671.944011758198,
              10406.006290688645
            ],
            [
              8867.460445518547,
              10422.625033261254
            ],
            [
              8960.833259250852,
              10249.503377292305
            ],
            [
              9137.264322542178,
              10194.268141513225
            ],
            [
              9199.859354857472,
              10125.798007026315
            ],
            [
              9156.89793859981,
              9706.595402148552
            ],
            [
              9349.961091938894,
              9590.46747810673
            ],
            [
              9438.192642593931,
              9589.12574080145
            ],
            [
              9546.68325331522,
              9694.31283028191
            ],
            [
              9662.736049421423,
              10034.36055903323
            ],
            [
              9735.939465584117,
              10107.459630658384
            ],
            [
              9899.889618809742,
              10125.281178263482
            ],
            [
              10018.134125254815,
              10022.567114021163
            ],
            [
              9839.906197677075,
              9843.417937105522
            ],
            [
              9881.810292754613,
              9765.933259159792
            ],
            [
              10012.479691759392,
              9808.365015110467
            ],
            [
              9994.437710976053,
              9898.509429297876
            ],
            [
              10074.08858265658,
              9978.856683691964
            ],
            [
              10180.214336677047,
              9890.042533850297
            ],
            [
              10099.861266369815,
              9785.271479109302
            ],
            [
              10096.128793722659,
              9652.636143251322
            ],
            [
              10034.537209766917,
              9407.967109644786
            ],
            [
              9855.68241358007,
              8860.679444992915
            ],
            [
              9834.51400202309,
              8791.005113121122
            ],
            [
              9838.021178021329,
              8778.377818966284
            ],
            [
              9802.012585786928,
              8666.20649621915
            ],
            [
              9666.838696249179,
              8439.702219070867
            ],
            [
              9530.85062734806,
              8463.563257509843
            ],
            [
              9329.443953233247,
              8616.163142701145
            ],
            [
              9343.091793951055,
              8723.392508964054
            ],
            [
              9463.402483162878,
              8794.248817658983
            ],
            [
              9415.258517787152,
              8974.332075469196
            ],
            [
              9250.274655398738,
              8987.127202090342
            ],
            [
              9172.17042354995,
              8858.686245373916
            ],
            [
              9005.468547140306,
              8807.285184059758
            ],
            [
              8925.334272863052,
              8666.374678397086
            ],
            [
              8758.466154254158,
              8639.799908102956
            ],
            [
              8674.279865467455,
              8511.153044624254
            ],
            [
              8684.10436774377,
              8232.722505048849
            ],
            [
              8430.592135317507,
              8001.14838744048
            ],
            [
              8261.442674825725,
              8006.278592170216
            ],
            [
              8148.763625867374,
              7962.367886715569
            ],
            [
              7992.345275577565,
              7716.204829047434
            ],
            [
              7888.788648709888,
              7707.616513152141
            ],
            [
              7776.835904010455,
              7814.101773442235
            ],
            [
              7819.241570291459,
              7919.107015145943
            ],
            [
              7824.137080006825,
              7923.828400346916
            ],
            [
              7850.413580319262,
              7932.1339674033225
            ],
            [
              7863.439184972434,
              7961.890953735914
            ],
            [
              7876.427122227964,
              8003.032566788606
            ],
            [
              7872.156257828174,
              8035.363767453469
            ],
            [
              7870.685551208095,
              8046.493002069183
            ],
            [
              7894.906022658804,
              8106.467922449112
            ],
            [
              8008.324577549298,
              8198.398499071132
            ],
            [
              8042.728875630011,
              8417.36722157849
            ],
            [
              7975.30809728615,
              8478.952441037167
            ],
            [
              7721.192797335621,
              8445.256397401914
            ],
            [
              7598.93120009097,
              8563.779884062707
            ],
            [
              7444.358067308611,
              8581.26992549887
            ],
            [
              7370.219715027371,
              8782.45162421139
            ],
            [
              7399.227454505861,
              8887.002142366022
            ],
            [
              7855.317070121295,
              8829.627940075006
            ],
            [
              8016.72781509714,
              8659.63249399094
            ]
          ]
        ]
      }
    },
    {
      "type": "Feature",
      "properties": {
        "id": "veg/98",
        "class": "forest",
        "area_m2": 103645.43
      },
      "geometry": {
        "type": "Polygon",
        "coordinates": [
          [
            [
              10580.644100046135,
              11652.4299286413
            ],
            [
              10729.500852688507,
              11623.713708221447
            ],
            [
              10726.609125391231,
              11508.405552551616
            ],
            [
              10723.975753605191,
              11499.667713297065
            ],
            [
              10713.034618866222,
              11481.870198678225
            ],
            [
              10589.181186653266,
              11297.039702457841
            ],
            [
              10324.77580281935,
              11358.533634831198
            ],
            [
              10309.515137076145,
              11475.344922232907
            ],
            [
              10407.61392550572,
              11579.090879084077
            ],
            [
              10580.644100046135,
              11652.4299286413
            ]
          ]
        ]
      }
    },
    {
      "type": "Feature",
      "properties": {
        "id": "veg/99",
        "class": "forest",
        "area_m2": 549956.85
      },
      "geometry": {
        "type": "Polygon",
        "coordinates": [
          [
            [
              9850.213158179482,
              10751.901364506222
            ],
            [
              9854.144960257807,
              10929.381889915094
            ],
            [
              10100.623879064107,
              11074.111893789843
            ],
            [
              10214.81142493937,
              11246.076233217493
            ],
            [
              10359.27933716186,
              11273.113009511959
            ],
            [
              10386.65307891334,
              11178.650121760089
            ],
            [
              10291.077421843947,
              11010.39003705373
            ],
            [
              10418.624514015042,
              10872.115875153337
            ],
            [
              10428.622314240201,
              10706.992569694296
            ],
            [
              10385.476513138565,
              10666.86966948444
            ],
            [
              10347.06136833434,
              10689.422363824211
            ],
            [
              10354.210360804282,
              10712.012935402803
            ],
            [
              10303.364926108625,
              10728.004031344783
            ],
            [
              10273.301855947764,
              10711.648111484945
            ],
            [
              10174.1307931958,
              10713.651572724804
            ],
            [
              10153.828437711054,
              10710.91614640411
            ],
            [
              10133.038708034903,
              10642.018004982732
            ],
            [
              10132.40038148762,
              10624.528176276945
            ],
            [
              10128.752798305475,
              10606.53793982137
            ],
            [
              10107.031394416059,
              10552.254470481072
            ],
            [
              10084.847561338916,
              10463.482233884279
            ],
            [
              10089.960735652538,
              10447.357513046358
            ],
            [
              10084.159272203222,
              10410.575124786235
            ],
            [
              10068.584662480978,
              10358.223371082917
            ],
            [
              10063.121447555604,
              10339.85978713166
            ],
            [
              10063.930928074347,
              10318.068195111118
            ],
            [
              10076.475913359318,
              10292.562293059658
            ],
            [
              10099.762093853904,
              10294.756856321823
            ],
            [
              10119.919734234107,
              10319.120556769427
            ],
            [
              10115.996362030332,
              10331.59578258358
            ],
            [
              10124.868703069282,
              10357.084239911288
            ],
            [
              10192.519409262866,
              10354.87636578735
            ],
            [
              10208.147678347304,
              10443.952397356741
            ],
            [
              10228.918395204353,
              10528.886801566929
            ],
            [
              10237.243791102257,
              10593.057094579097
            ],
            [
              10259.452743653732,
              10608.049647522159
            ],
            [
              10288.785458998987,
              10602.374635510147
            ],
            [
              10306.831526387658,
              10593.734743840527
            ],
            [
              10293.500283351925,
              10581.337520464323
            ],
            [
              10304.197522930277,
              10343.677830181085
            ],
            [
              10248.75359327963,
              10122.252230409998
            ],
            [
              10138.970789390965,
              10078.658739214763
            ],
            [
              9995.797100841824,
              10175.292009129655
            ],
            [
              9872.269487402576,
              10198.699480668642
            ],
            [
              9755.268391206628,
              10447.569537234027
            ],
            [
              9670.324524601572,
              10493.499115513172
            ],
            [
              9559.754086381348,
              10432.314926595893
            ],
            [
              9314.434156288044,
              10572.812631817535
            ],
            [
              9375.626704452268,
              10747.048579430208
            ],
            [
              9744.026360494434,
              10706.537139744032
            ],
            [
              9850.213158179482,
              10751.901364506222
            ]
          ]
        ]
      }
    },
    {
      "type": "Feature",
      "properties": {
        "id": "veg/100",
        "class": "forest",
        "area_m2": 52525.76
      },
      "geometry": {
        "type": "Polygon",
        "coordinates": [
          [
            [
              9444.531480018748,
              11235.219563868362
            ],
            [
              9510.085226072988,
              11001.391544945072
            ],
            [
              9461.019109050394,
              10927.268577654846
            ],
            [
              9313.481239818677,
              10980.650820570532
            ],
            [
              9266.955851011153,
              11116.541873845737
            ],
            [
              9328.051185597142,
              11239.100105614401
            ],
            [
              9444.531480018748,
              11235.219563868362
            ]
          ]
        ]
      }
    },
    {
      "type": "Feature",
      "properties": {
        "id": "veg/101",
        "class": "forest",
        "area_m2": 25639.64
      },
      "geometry": {
        "type": "Polygon",
        "coordinates": [
          [
            [
              10806.144200032868,
              11849.558158384636
            ],
            [
              10767.199693454546,
              11728.813987825997
            ],
            [
              10687.483710781205,
              11694.308382218704
            ],
            [
              10610.598084156867,
              11806.81969531579
            ],
            [
              10718.3730066985,
              11920.945517032407
            ],
            [
              10806.144200032868,
              11849.558158384636
            ]
          ]
        ]
      }
    },
    {
      "type": "Feature",
      "properties": {
        "id": "veg/102",
        "class": "forest",
        "area_m2": 2820686.56
      },
      "geometry": {
        "type": "Polygon",
        "coordinates": [
          [
            [
              7978.436569665326,
              11379.896048943512
            ],
            [
              8046.876083989162,
              11499.92856384581
            ],
            [
              8224.290314470069,
              11489.213179587852
            ],
            [
              8372.300680641958,
              11557.619855472352
            ],
            [
              8399.89031453454,
              11674.586204920895
            ],
            [
              8300.20667531644,
              11804.05678122025
            ],
            [
              8402.2355697272,
              11921.054356304463
            ],
            [
              8468.463753083022,
              12214.782964159269
            ],
            [
              8632.114734128932,
              12349.67207964044
            ],
            [
              8582.588746317488,
              12522.555065314751
            ],
            [
              8471.19462048664,
              12555.915935340803
            ],
            [
              8348.180468717765,
              12689.42117923079
            ],
            [
              8322.846327406005,
              12808.082276666071
            ],
            [
              8393.508243677381,
              12925.897961662617
            ],
            [
              8558.653375947324,
              12972.160623525735
            ],
            [
              8685.414416975342,
              12947.66169181373
            ],
            [
              8756.510580949893,
              13023.70587133523
            ],
            [
              8778.862488256884,
              13184.723301701248
            ],
            [
              8843.195137311355,
              13214.20406728005
            ],
            [
              9064.776483114576,
              13159.172087471932
            ],
            [
              9158.811789017578,
              13047.559562836774
            ],
            [
              9356.369592100207,
              12955.56303513702
            ],
            [
              9454.427195240685,
              12955.540776558686
            ],
            [
              9537.50335771445,
              12850.630099575501
            ],
            [
              9704.539300116012,
              12746.694974689744
            ],
            [
              9881.68550039886,
              12685.955798377749
            ],
            [
              9897.748943028506,
              12424.27164501464
            ],
            [
              9824.415090892697,
              12297.61207411671
            ],
            [
              9823.960957701842,
              11998.015189489815
            ],
            [
              9697.59154746047,
              11769.008622400928
            ],
            [
              9763.878177168604,
              11602.091303247958
            ],
            [
              9696.041958707327,
              11469.539930769708
            ],
            [
              9687.096500966873,
              11232.207179741003
            ],
            [
              9632.250258807384,
              11172.048420824576
            ],
            [
              9511.149293484923,
              11215.00850007264
            ],
            [
              9475.977960059827,
              11375.218951961026
            ],
            [
              9333.95323395764,
              11441.413685448002
            ],
            [
              9252.157171780767,
              11581.275065835565
            ],
            [
              9150.475229416275,
              11562.833388953004
            ],
            [
              9018.939921630721,
              11352.698522988241
            ],
            [
              8714.029061868496,
              10984.380067660008
            ],
            [
              8578.44866333116,
              11046.225562527776
            ],
            [
              8445.539361870207,
              11007.423819405027
            ],
            [
              8444.203186531318,
              10900.972065521404
            ],
            [
              8555.17837348627,
              10808.971124853473
            ],
            [
              8550.680548937875,
              10650.67808791995
            ],
            [
              8457.36266981985,
              10553.646746702027
            ],
            [
              8311.043826930982,
              10627.081877194345
            ],
            [
              8193.95291547093,
              10605.531620542519
            ],
            [
              7950.818421163072,
              10689.663481086958
            ],
            [
              7863.71607753227,
              10992.846637006849
            ],
            [
              7983.748991739994,
              11207.32651179051
            ],
            [
              7978.436569665326,
              11379.896048943512
            ]
          ]
        ]
      }
    },
    {
      "type": "Feature",
      "properties": {
        "id": "veg/103",
        "class": "forest",
        "area_m2": 1087483.22
      },
      "geometry": {
        "type": "Polygon",
        "coordinates": [
          [
            [
              9011.259963359917,
              14094.759711657185
            ],
            [
              9028.833446112345,
              14099.348432961851
            ],
            [
              9065.966824383475,
              14124.403916729148
            ],
            [
              9083.035037196649,
              14141.546856588684
            ],
            [
              9102.860255381092,
              14154.470080584288
            ],
            [
              9194.244636757649,
              14129.575677708257
            ],
            [
              9218.12311815389,
              14044.85486832587
            ],
            [
              9218.660689379496,
              14040.194174660835
            ],
            [
              9219.373575877398,
              14040.41824655421
            ],
            [
              9226.939940425684,
              14013.57279863907
            ],
            [
              9372.040966494824,
              13910.107286759187
            ],
            [
              9626.836173579795,
              13976.457144884393
            ],
            [
              9799.835254166683,
              14128.302016883157
            ],
            [
              10096.94413791399,
              14045.129606901668
            ],
            [
              10132.538719449716,
              13908.353613965213
            ],
            [
              10257.326440356032,
              13777.704497352708
            ],
            [
              10260.680002439185,
              13771.467002995312
            ],
            [
              10337.811462450656,
              13686.583986454178
            ],
            [
              10346.06669061759,
              13684.796034721192
            ],
            [
              10347.705624767405,
              13683.08011830505
            ],
            [
              10355.770846236323,
              13641.556657426525
            ],
            [
              10350.455613356899,
              13637.932380062062
            ],
            [
              10352.68049527437,
              13623.96572401002
            ],
            [
              10359.461803990707,
              13608.977996935602
            ],
            [
              10363.051419676107,
              13604.072924640495
            ],
            [
              10401.831351999484,
              13404.416038724594
            ],
            [
              10367.032016138255,
              13316.13911567023
            ],
            [
              10326.10904322972,
              13283.314849359449
            ],
            [
              10277.85161086783,
              13261.75799875008
            ],
            [
              10226.810008966771,
              13217.246696694288
            ],
            [
              10187.73187974072,
              13172.322696472052
            ],
            [
              10170.095852101513,
              13141.767838056665
            ],
            [
              10170.292068988667,
              13141.328326222487
            ],
            [
              10149.289784792461,
              13104.002659005113
            ],
            [
              10144.023156242096,
              13098.561986469664
            ],
            [
              10144.09868934378,
              13094.776943392586
            ],
            [
              10123.09547518508,
              13057.44962342782
            ],
            [
              10121.25363178755,
              13044.484081140254
            ],
            [
              10122.056374085892,
              13026.590722013265
            ],
            [
              10124.362472555425,
              13023.614397955593
            ],
            [
              10125.257695618377,
              12999.707423172425
            ],
            [
              10120.521212170017,
              12994.799375070725
            ],
            [
              10126.242796121456,
              12973.400267045014
            ],
            [
              10128.529296627734,
              12912.339161487762
            ],
            [
              10126.82318383432,
              12909.562067250255
            ],
            [
              10121.689341723046,
              12900.181469641626
            ],
            [
              10112.878021594777,
              12872.78829902364
            ],
            [
              10125.872551761975,
              12837.372446225025
            ],
            [
              10131.801403752412,
              12824.957383967936
            ],
            [
              10132.498442663578,
              12806.342926452402
            ],
            [
              10100.392585586524,
              12701.040819659363
            ],
            [
              10145.648255947162,
              12539.099751146045
            ],
            [
              10086.861175037862,
              12427.116342259571
            ],
            [
              10112.370154248958,
              12276.403296907432
            ],
            [
              10227.936663584958,
              12176.665963429026
            ],
            [
              10187.87915389071,
              12089.309326169547
            ],
            [
              10074.625616251084,
              12099.14248508634
            ],
            [
              10057.740975122375,
              12237.988408663776
            ],
            [
              9970.866536705114,
              12265.016813986935
            ],
            [
              9994.153870249924,
              12446.438111959957
            ],
            [
              9913.956477489206,
              12609.197572956327
            ],
            [
              9943.840272596048,
              12967.76392123336
            ],
            [
              9908.337107963569,
              13101.705885450356
            ],
            [
              9746.425115501916,
              13242.485809578095
            ],
            [
              9622.560515537218,
              13255.963291660883
            ],
            [
              9458.661050606752,
              13206.277084687259
            ],
            [
              9385.62184649962,
              13249.62773741223
            ],
            [
              9381.64123452059,
              13418.57457764959
            ],
            [
              9243.158367844648,
              13601.985819213092
            ],
            [
              9189.510048702825,
              13736.466965172905
            ],
            [
              9051.408173755102,
              13777.033690252341
            ],
            [
              8978.245520508266,
              13961.688166084234
            ],
            [
              8992.892885667097,
              14082.786987979896
            ],
            [
              9011.259963359917,
              14094.759711657185
            ]
          ]
        ]
      }
    },
    {
      "type": "Feature",
      "properties": {
        "id": "veg/104",
        "class": "forest",
        "area_m2": 65177.67
      },
      "geometry": {
        "type": "Polygon",
        "coordinates": [
          [
            [
              9200.027609764482,
              13409.591002766509
            ],
            [
              9169.287818181969,
              13224.393296265509
            ],
            [
              9022.377621478052,
              13204.513232201803
            ],
            [
              8888.389931589307,
              13300.330780121032
            ],
            [
              8937.307785355311,
              13470.53680419363
            ],
            [
              9110.58426926058,
              13474.34627303388
            ],
            [
              9200.027609764482,
              13409.591002766509
            ]
          ]
        ]
      }
    },
    {
      "type": "Feature",
      "properties": {
        "id": "veg/105",
        "class": "forest",
        "area_m2": 205044.77
      },
      "geometry": {
        "type": "Polygon",
        "coordinates": [
          [
            [
              8688.299963780679,
              13731.71266319463
            ],
            [
              8699.290190038388,
              14112.534426230006
            ],
            [
              8846.270002247009,
              14114.195235836785
            ],
            [
              8934.485325602582,
              13933.87599005457
            ],
            [
              8956.563305026852,
              13718.970458074007
            ],
            [
              8840.023010207631,
              13422.003631276079
            ],
            [
              8703.323984588205,
              13309.236004174221
            ],
            [
              8623.330577576533,
              13330.458380762022
            ],
            [
              8531.341742617078,
              13465.779021135531
            ],
            [
              8574.880442122114,
              13633.603941458277
            ],
            [
              8688.299963780679,
              13731.71266319463
            ]
          ]
        ]
      }
    },
    {
      "type": "Feature",
      "properties": {
        "id": "veg/106",
        "class": "forest",
        "area_m2": 234585.0
      },
      "geometry": {
        "type": "Polygon",
        "coordinates": [
          [
            [
              8333.138328238565,
              14182.935529406182
            ],
            [
              8485.092993756698,
              14241.684017650783
            ],
            [
              8646.644183452416,
              14143.711883384269
            ],
            [
              8311.176713729685,
              13894.985875616316
            ],
            [
              8300.941458017973,
              13846.399409206118
            ],
            [
              8432.354308934126,
              13642.43784318259
            ],
            [
              8390.775358634652,
              13535.899252517615
            ],
            [
              8112.286421434139,
              13527.759137799498
            ],
            [
              8066.992104655656,
              13581.017586862668
            ],
            [
              8059.698683916824,
              13604.88745755935
            ],
            [
              8014.674744936405,
              13647.124763920903
            ],
            [
              8006.1812306951615,
              13652.520880513359
            ],
            [
              7983.890551486926,
              13678.730945873074
            ],
            [
              7984.8758527386235,
              13768.208200149238
            ],
            [
              7992.132677816029,
              13777.002984810155
            ],
            [
              8001.685230551986,
              13820.600311652292
            ],
            [
              8000.344136768486,
              13855.435841224622
            ],
            [
              7986.13624488475,
              13882.667030229233
            ],
            [
              7986.758371302392,
              13939.163623093162
            ],
            [
              8171.633978185884,
              14027.365063043311
            ],
            [
              8333.138328238565,
              14182.935529406182
            ]
          ]
        ]
      }
    },
    {
      "type": "Feature",
      "properties": {
        "id": "veg/107",
        "class": "forest",
        "area_m2": 132467.1
      },
      "geometry": {
        "type": "Polygon",
        "coordinates": [
          [
            [
              8713.33664709801,
              15665.051448139828
            ],
            [
              8857.697920786333,
              15782.345839284826
            ],
            [
              8968.651222305372,
              15697.387484811712
            ],
            [
              8969.889705093112,
              15684.318065223284
            ],
            [
              8969.539561092912,
              15683.985362625215
            ],
            [
              8964.666838719859,
              15670.896196644288
            ],
            [
              8967.031242397963,
              15631.169952103402
            ],
            [
              8978.40625826281,
              15594.444868818857
            ],
            [
              8986.015814267681,
              15514.143001649529
            ],
            [
              8756.16978423763,
              15120.240833564661
            ],
            [
              8626.580719156831,
              15126.321267793886
            ],
            [
              8604.555420822464,
              15311.274555426557
            ],
            [
              8755.449740261305,
              15369.154889450874
            ],
            [
              8713.33664709801,
              15665.051448139828
            ]
          ]
        ]
      }
    },
    {
      "type": "Feature",
      "properties": {
        "id": "veg/108",
        "class": "forest",
        "area_m2": 93614.95
      },
      "geometry": {
        "type": "Polygon",
        "coordinates": [
          [
            [
              8483.257942398428,
              16165.775619860273
            ],
            [
              8424.326852259575,
              15991.777512921486
            ],
            [
              8451.567819473566,
              15808.636851295829
            ],
            [
              8343.697404083097,
              15745.328518680762
            ],
            [
              8198.810939365532,
              15871.526584957726
            ],
            [
              8186.048754497548,
              16089.963485597167
            ],
            [
              8415.160876406298,
              16221.840699738823
            ],
            [
              8483.257942398428,
              16165.775619860273
            ]
          ]
        ]
      }
    },
    {
      "type": "Feature",
      "properties": {
        "id": "veg/109",
        "class": "forest",
        "area_m2": 142035.45
      },
      "geometry": {
        "type": "Polygon",
        "coordinates": [
          [
            [
              8231.415564925119,
              17877.942679135595
            ],
            [
              8313.220473579073,
              17868.943072563037
            ],
            [
              8386.390140365227,
              17716.499345339835
            ],
            [
              8600.289669136168,
              17653.736352259293
            ],
            [
              8573.274424314091,
              17510.455531139392
            ],
            [
              8393.775909697986,
              17458.720344046596
            ],
            [
              8325.236949767626,
              17455.91577368928
            ],
            [
              8304.249292599387,
              17464.10092260549
            ],
            [
              8274.739496327878,
              17466.855071926955
            ],
            [
              8236.498474506603,
              17456.902653771453
            ],
            [
              8229.650500120246,
              17452.004437370226
            ],
            [
              8194.92003627267,
              17450.583289026283
            ],
            [
              8063.301869002404,
              17527.163708054926
            ],
            [
              8102.474967391114,
              17682.200055060443
            ],
            [
              8231.415564925119,
              17877.942679135595
            ]
          ]
        ]
      }
    },
    {
      "type": "Feature",
      "properties": {
        "id": "veg/110",
        "class": "forest",
        "area_m2": 54379.89
      },
      "geometry": {
        "type": "Polygon",
        "coordinates": [
          [
            [
              8770.830532290565,
              19644.402356958948
            ],
            [
              8720.724584579817,
              19518.284640646074
            ],
            [
              8611.490507946117,
              19476.045385596808
            ],
            [
              8495.303407781583,
              19609.125140487682
            ],
            [
              8504.226361546316,
              19726.646154411137
            ],
            [
              8692.25266633957,
              19759.671079862863
            ],
            [
              8770.830532290565,
              19644.402356958948
            ]
          ]
        ]
      }
    },
    {
      "type": "Feature",
      "properties": {
        "id": "veg/111",
        "class": "forest",
        "area_m2": 343958.4
      },
      "geometry": {
        "type": "Polygon",
        "coordinates": [
          [
            [
              7839.877422663325,
              20677.414778612554
            ],
            [
              7870.158152663324,
              20506.201408612542
            ],
            [
              8007.319842663361,
              20438.99416861264
            ],
            [
              8208.821372663311,
              20140.198668612633
            ],
            [
              8420.785182663356,
              19673.56530861277
            ],
            [
              8311.333912663336,
              19567.10569861252
            ],
            [
              8112.94949266332,
              19658.04022861272
            ],
            [
              8065.016002663353,
              19953.54152861284
            ],
            [
              7951.808692663326,
              20077.69524861267
            ],
            [
              7800.426562663342,
              20058.842668612488
            ],
            [
              7666.146362663363,
              20121.8288886128
            ],
            [
              7634.210902663355,
              20476.413268612698
            ],
            [
              7677.310182663321,
              20615.873678612523
            ],
            [
              7839.877422663325,
              20677.414778612554
            ]
          ]
        ]
      }
    },
    {
      "type": "Feature",
      "properties": {
        "id": "veg/112",
        "class": "forest",
        "area_m2": 27966.48
      },
      "geometry": {
        "type": "Polygon",
        "coordinates": [
          [
            [
              8196.835774898529,
              20435.309311557095
            ],
            [
              8088.070820911438,
              20430.188123574015
            ],
            [
              8048.1265532033285,
              20626.745686700568
            ],
            [
              8244.571283478756,
              20604.844891206827
            ],
            [
              8196.835774898529,
              20435.309311557095
            ]
          ]
        ]
      }
    },
    {
      "type": "Feature",
      "properties": {
        "id": "veg/113",
        "class": "forest",
        "area_m2": 128632.88
      },
      "geometry": {
        "type": "Polygon",
        "coordinates": [
          [
            [
              15687.128956438333,
              8911.211722944397
            ],
            [
              15619.062637969386,
              8587.617867934518
            ],
            [
              15384.630735416315,
              8629.9369965964
            ],
            [
              15319.898637630162,
              8726.269952102099
            ],
            [
              15316.076347053284,
              8741.553137377836
            ],
            [
              15295.429484010325,
              8783.363120260183
            ],
            [
              15266.571352846513,
              8805.630503172986
            ],
            [
              15259.627301342669,
              8815.964495541994
            ],
            [
              15242.637004945893,
              8907.182537436485
            ],
            [
              15493.63139182143,
              9016.851268646307
            ],
            [
              15687.128956438333,
              8911.211722944397
            ]
          ]
        ]
      }
    },
    {
      "type": "Feature",
      "properties": {
        "id": "veg/114",
        "class": "forest",
        "area_m2": 68668.02
      },
      "geometry": {
        "type": "Polygon",
        "coordinates": [
          [
            [
              11544.520366228942,
              8995.658772275783
            ],
            [
              11509.1388413987,
              8701.373925415333
            ],
            [
              11412.491630294768,
              8655.80120179709
            ],
            [
              11324.352223306429,
              8720.565094821155
            ],
            [
              11336.38472993119,
              9021.549330912065
            ],
            [
              11479.092995892861,
              9047.25013746135
            ],
            [
              11544.520366228942,
              8995.658772275783
            ]
          ]
        ]
      }
    },
    {
      "type": "Feature",
      "properties": {
        "id": "veg/115",
        "class": "forest",
        "area_m2": 680412.45
      },
      "geometry": {
        "type": "Polygon",
        "coordinates": [
          [
            [
              16269.900675722514,
              9304.094949905295
            ],
            [
              16329.550467087305,
              9225.138045131229
            ],
            [
              16299.401968712511,
              9111.635947822127
            ],
            [
              16381.702739797358,
              9021.072511999868
            ],
            [
              16666.58016857825,
              9080.391360777896
            ],
            [
              16783.076611392957,
              9140.246917414013
            ],
            [
              16831.558750972792,
              9249.264655687846
            ],
            [
              16795.400071519136,
              9340.574589116964
            ],
            [
              16593.805197590496,
              9441.57171156397
            ],
            [
              16515.57256219408,
              9366.63381115254
            ],
            [
              16354.468999800214,
              9376.183098374866
            ],
            [
              16278.826720946177,
              9494.65637322748
            ],
            [
              16287.047991629632,
              9659.57944936864
            ],
            [
              16369.008934737067,
              9693.988831039984
            ],
            [
              16582.744101632037,
              9499.237332816701
            ],
            [
              16696.238725818985,
              9584.935715056024
            ],
            [
              16911.486452847195,
              9515.929504546337
            ],
            [
              17075.874747497786,
              9237.52693605842
            ],
            [
              17101.453195971204,
              9068.346302437596
            ],
            [
              17034.50763446605,
              8930.83672414627
            ],
            [
              16998.398539122543,
              8921.23229466565
            ],
            [
              16991.715055973153,
              8920.88127524918
            ],
            [
              16954.095690449467,
              8913.910901930183
            ],
            [
              16901.802585739817,
              8911.698557521217
            ],
            [
              16841.934462773264,
              8888.175074961968
            ],
            [
              16812.722467892454,
              8871.845492935274
            ],
            [
              16794.652087686467,
              8867.03906699922
            ],
            [
              16739.465322895907,
              8880.71050823247
            ],
            [
              16732.093987553963,
              8885.066182393115
            ],
            [
              16721.781091398385,
              8885.091430589557
            ],
            [
              16674.685363232158,
              8896.758475802373
            ],
            [
              16669.77072300273,
              8898.61030974472
            ],
            [
              16667.024133592844,
              8898.656395551283
            ],
            [
              16648.48979848594,
              8903.24791444512
            ],
            [
              16642.13178815553,
              8899.074071312789
            ],
            [
              16642.05963324476,
              8899.075282020494
            ],
            [
              16622.04953678185,
              8894.671096609905
            ],
            [
              16593.735999919125,
              8884.51246125577
            ],
            [
              16562.895442233363,
              8864.795219230931
            ],
            [
              16527.88105189713,
              8836.142763576936
            ],
            [
              16488.51854237076,
              8798.687191380188
            ],
            [
              16488.211475791933,
              8798.030001655687
            ],
            [
              16401.448965233925,
              8741.073015110102
            ],
            [
              16268.973652059038,
              8712.059959161561
            ],
            [
              16227.659728695697,
              8728.334506774787
            ],
            [
              16223.01465969428,
              8730.558740799781
            ],
            [
              16187.244473892963,
              8746.712436208501
            ],
            [
              16134.21936286398,
              8765.142913212534
            ],
            [
              16087.408381539688,
              8767.201300744899
            ],
            [
              16075.559518997441,
              8765.171846170444
            ],
            [
              15939.388488794619,
              8765.239010186866
            ],
            [
              15871.945338809572,
              8623.744385815226
            ],
            [
              15769.350593500247,
              8607.730811346322
            ],
            [
              15711.913849691802,
              8723.262254894245
            ],
            [
              15745.481726777449,
              8970.893233322073
            ],
            [
              15850.844409251411,
              9230.662463339977
            ],
            [
              16029.982594605652,
              9320.930040222593
            ],
            [
              16269.900675722514,
              9304.094949905295
            ]
          ]
        ]
      }
    },
    {
      "type": "Feature",
      "properties": {
        "id": "veg/116",
        "class": "forest",
        "area_m2": 190831.82
      },
      "geometry": {
        "type": "Polygon",
        "coordinates": [
          [
            [
              16015.1535079577,
              10286.03824689705
            ],
            [
              15972.025138502533,
              10091.661655921489
            ],
            [
              16244.763619305973,
              9743.065436115954
            ],
            [
              16176.27371847612,
              9682.134664214216
            ],
            [
              15905.181736557104,
              9833.63105983194
            ],
            [
              15715.733974550385,
              9985.918115087785
            ],
            [
              15692.48910155386,
              10306.402987709735
            ],
            [
              15906.739649800118,
              10459.737516435795
            ],
            [
              16015.1535079577,
              10286.03824689705
            ]
          ]
        ]
      }
    },
    {
      "type": "Feature",
      "properties": {
        "id": "veg/117",
        "class": "forest",
        "area_m2": 509536.59
      },
      "geometry": {
        "type": "Polygon",
        "coordinates": [
          [
            [
              11431.80401309795,
              9870.770617191214
            ],
            [
              11480.231122528377,
              10015.12592496723
            ],
            [
              11621.959059761313,
              10039.655373894144
            ],
            [
              11707.628037147166,
              10119.848924029153
            ],
            [
              12026.885449209949,
              10040.6488036667
            ],
            [
              12063.592001300538,
              9964.016567400657
            ],
            [
              11965.382604704238,
              9760.126120137516
            ],
            [
              11990.491715118987,
              9605.527465113904
            ],
            [
              12124.58452900406,
              9558.413325584028
            ],
            [
              12141.20950210013,
              9445.415450422093
            ],
            [
              11869.825332296663,
              9297.738465713803
            ],
            [
              11663.176144665515,
              9041.456563042942
            ],
            [
              11489.35445959802,
              9087.55334763322
            ],
            [
              11418.31141534762,
              9178.9970474164
            ],
            [
              11460.308446711802,
              9538.020493153948
            ],
            [
              11522.502452612156,
              9736.936629511416
            ],
            [
              11431.80401309795,
              9870.770617191214
            ]
          ]
        ]
      }
    },
    {
      "type": "Feature",
      "properties": {
        "id": "veg/118",
        "class": "forest",
        "area_m2": 72809.49
      },
      "geometry": {
        "type": "Polygon",
        "coordinates": [
          [
            [
              13838.303742345015,
              9817.514752962627
            ],
            [
              13975.163917774451,
              9790.022082797252
            ],
            [
              14079.295584179403,
              9693.834814404137
            ],
            [
              14057.415383652784,
              9531.893915163353
            ],
            [
              13753.278074591362,
              9574.795177863445
            ],
            [
              13722.189701706462,
              9675.605935894884
            ],
            [
              13838.303742345015,
              9817.514752962627
            ]
          ]
        ]
      }
    },
    {
      "type": "Feature",
      "properties": {
        "id": "veg/119",
        "class": "forest",
        "area_m2": 34718.15
      },
      "geometry": {
        "type": "Polygon",
        "coordinates": [
          [
            [
              13372.605717677623,
              9609.894615214318
            ],
            [
              13211.33914153406,
              9592.509134032298
            ],
            [
              13140.676733568893,
              9709.237776361406
            ],
            [
              13257.013058756711,
              9798.306246697903
            ],
            [
              13412.12683618284,
              9694.003455097321
            ],
            [
              13372.605717677623,
              9609.894615214318
            ]
          ]
        ]
      }
    },
    {
      "type": "Feature",
      "properties": {
        "id": "veg/120",
        "class": "forest",
        "area_m2": 112018.98
      },
      "geometry": {
        "type": "Polygon",
        "coordinates": [
          [
            [
              12658.158475707693,
              9801.619897843804
            ],
            [
              12811.180225419113,
              9841.158180110157
            ],
            [
              12906.134793123987,
              9618.752395292278
            ],
            [
              12818.83011829073,
              9537.357118625194
            ],
            [
              12568.100247472234,
              9531.226629612036
            ],
            [
              12493.966999156051,
              9580.277349240147
            ],
            [
              12443.761963909492,
              9802.191364968196
            ],
            [
              12557.774980012095,
              9852.47778470302
            ],
            [
              12658.158475707693,
              9801.619897843804
            ]
          ]
        ]
      }
    },
    {
      "type": "Feature",
      "properties": {
        "id": "veg/121",
        "class": "forest",
        "area_m2": 26847.73
      },
      "geometry": {
        "type": "Polygon",
        "coordinates": [
          [
            [
              14359.90428923152,
              9666.40844867006
            ],
            [
              14254.981430371583,
              9652.538666322827
            ],
            [
              14187.89235172182,
              9726.09733062191
            ],
            [
              14256.190611081256,
              9851.115747490898
            ],
            [
              14402.429947371886,
              9778.35950939916
            ],
            [
              14359.90428923152,
              9666.40844867006
            ]
          ]
        ]
      }
    },
    {
      "type": "Feature",
      "properties": {
        "id": "veg/122",
        "class": "forest",
        "area_m2": 45141.18
      },
      "geometry": {
        "type": "Polygon",
        "coordinates": [
          [
            [
              13661.372484356747,
              10039.92019789666
            ],
            [
              13468.425545907288,
              10070.568388970103
            ],
            [
              13456.845076265105,
              10163.042664648965
            ],
            [
              13556.411370426475,
              10264.38458806742
            ],
            [
              13748.498993427202,
              10232.865944856778
            ],
            [
              13661.372484356747,
              10039.92019789666
            ]
          ]
        ]
      }
    },
    {
      "type": "Feature",
      "properties": {
        "id": "veg/123",
        "class": "forest",
        "area_m2": 592952.04
      },
      "geometry": {
        "type": "Polygon",
        "coordinates": [
          [
            [
              11535.517402813479,
              11687.236026739236
            ],
            [
              11764.234387146134,
              11667.58886175882
            ],
            [
              11907.126560156234,
              11531.29150913423
            ],
            [
              11951.020981217094,
              11282.08786858106
            ],
            [
              11923.965979229484,
              11192.340683363844
            ],
            [
              12041.192557820177,
              11010.687058922835
            ],
            [
              12009.471533261298,
              10794.50648405822
            ],
            [
              12038.352583100903,
              10705.987140846904
            ],
            [
              12157.854313252552,
              10639.501102691982
            ],
            [
              12167.325879833545,
              10518.371775155887
            ],
            [
              12317.110668208858,
              10482.428593941499
            ],
            [
              12295.53891675832,
              10371.36703191651
            ],
            [
              12159.890627042972,
              10375.099018170498
            ],
            [
              12145.97246782732,
              10489.554614457767
            ],
            [
              11942.097323961672,
              10518.773204065394
            ],
            [
              11684.725246055517,
              10442.545104004908
            ],
            [
              11595.120637187792,
              10453.998799302615
            ],
            [
              11562.45543933817,
              10571.804969143588
            ],
            [
              11450.705846977246,
              10729.314762990456
            ],
            [
              11529.169816147652,
              10894.195641642436
            ],
            [
              11463.43831945426,
              11033.185849689879
            ],
            [
              11546.017299919622,
              11424.623565412592
            ],
            [
              11496.09626709827,
              11537.427927482408
            ],
            [
              11535.517402813479,
              11687.236026739236
            ]
          ]
        ]
      }
    },
    {
      "type": "Feature",
      "properties": {
        "id": "veg/124",
        "class": "forest",
        "area_m2": 1382896.33
      },
      "geometry": {
        "type": "Polygon",
        "coordinates": [
          [
            [
              13952.844879540207,
              11172.749603660312
            ],
            [
              13871.31772274914,
              11278.355712933466
            ],
            [
              13911.70577428909,
              11379.132155756466
            ],
            [
              13877.466007873532,
              11554.928065455053
            ],
            [
              13936.371859029867,
              11629.857418936212
            ],
            [
              14059.768372599967,
              11601.907594555058
            ],
            [
              14222.584174318705,
              11848.122448054608
            ],
            [
              14316.37109643349,
              11918.700775208883
            ],
            [
              14467.202697794535,
              11930.150784720667
            ],
            [
              14497.89108446805,
              11870.608643816318
            ],
            [
              14473.672315261967,
              11613.101844551507
            ],
            [
              14651.191781973175,
              11499.536026499234
            ],
            [
              14628.773748087522,
              11329.607101966161
            ],
            [
              14701.696234716626,
              11108.874691977166
            ],
            [
              14652.53113510611,
              11033.877227530349
            ],
            [
              14694.376052942243,
              10886.767763274722
            ],
            [
              14794.578921273525,
              10832.034821249545
            ],
            [
              15031.928654538118,
              10822.16171030933
            ],
            [
              15174.419372514298,
              10739.465126445051
            ],
            [
              15178.969510575349,
              10506.400288853329
            ],
            [
              15047.858314727142,
              10301.771603648085
            ],
            [
              14804.64730375295,
              10142.814359121025
            ],
            [
              14593.628270157089,
              10162.631834024563
            ],
            [
              14491.747078967339,
              10126.642590365373
            ],
            [
              14387.901714272972,
              10172.637848581653
            ],
            [
              14310.657788134587,
              10293.603831388522
            ],
            [
              14316.144660723105,
              10391.20094224764
            ],
            [
              14116.251531155489,
              10545.173041385598
            ],
            [
              14017.400285643584,
              10673.223552564625
            ],
            [
              13921.718316697225,
              10663.687352224253
            ],
            [
              13835.422795630293,
              10472.591157242656
            ],
            [
              13696.922560638108,
              10497.588844834361
            ],
            [
              13687.444786572712,
              10694.781982665416
            ],
            [
              13815.930048665556,
              10792.521487746388
            ],
            [
              13952.844879540207,
              11172.749603660312
            ]
          ]
        ]
      }
    },
    {
      "type": "Feature",
      "properties": {
        "id": "veg/125",
        "class": "forest",
        "area_m2": 58991.63
      },
      "geometry": {
        "type": "Polygon",
        "coordinates": [
          [
            [
              11473.175155319273,
              11325.547360257711
            ],
            [
              11430.810412548948,
              11148.962249098346
            ],
            [
              11254.272231262294,
              11061.40779095795
            ],
            [
              11185.25817473937,
              11123.403195280116
            ],
            [
              11245.923765777901,
              11320.157396619674
            ],
            [
              11400.223961934855,
              11386.88585332036
            ],
            [
              11473.175155319273,
              11325.547360257711
            ]
          ]
        ]
      }
    },
    {
      "type": "Feature",
      "properties": {
        "id": "veg/126",
        "class": "forest",
        "area_m2": 622894.06
      },
      "geometry": {
        "type": "Polygon",
        "coordinates": [
          [
            [
              12875.3886352111,
              12041.065193912946
            ],
            [
              12996.393100676825,
              12002.816756616812
            ],
            [
              13225.947576983483,
              12101.178330189083
            ],
            [
              13347.579117208428,
              12101.02063251147
            ],
            [
              13452.782978124858,
              11979.76617453713
            ],
            [
              13357.527632452548,
              11721.772895682137
            ],
            [
              13526.699477254704,
              11342.287410211284
            ],
            [
              13419.79634226131,
              11276.32789327763
            ],
            [
              13248.256127469358,
              11405.706522372086
            ],
            [
              13170.552973759768,
              11361.272158078384
            ],
            [
              13141.770044411998,
              11185.64172922168
            ],
            [
              13293.446926077362,
              11058.692088845186
            ],
            [
              13199.681538335339,
              10958.24974969728
            ],
            [
              12922.901271796261,
              11038.365860014223
            ],
            [
              12828.240376583592,
              11234.049827721901
            ],
            [
              12814.457459839992,
              11443.884841519874
            ],
            [
              12614.12612664426,
              11764.042383707594
            ],
            [
              12627.969575384574,
              11925.56275617471
            ],
            [
              12875.3886352111,
              12041.065193912946
            ]
          ]
        ]
      }
    },
    {
      "type": "Feature",
      "properties": {
        "id": "veg/127",
        "class": "forest",
        "area_m2": 29297.82
      },
      "geometry": {
        "type": "Polygon",
        "coordinates": [
          [
            [
              12158.091497292044,
              11835.892298609018
            ],
            [
              12220.888022903644,
              11784.851238170639
            ],
            [
              12194.688160405902,
              11667.204752024729
            ],
            [
              12110.219714800362,
              11634.484830145258
            ],
            [
              12009.167413589836,
              11723.259969586972
            ],
            [
              12034.588843602105,
              11808.438453203533
            ],
            [
              12158.091497292044,
              11835.892298609018
            ]
          ]
        ]
      }
    },
    {
      "type": "Feature",
      "properties": {
        "id": "veg/128",
        "class": "forest",
        "area_m2": 27147.19
      },
      "geometry": {
        "type": "Polygon",
        "coordinates": [
          [
            [
              14252.350636306219,
              11888.179918814916
            ],
            [
              14165.495388131356,
              11888.297837964259
            ],
            [
              14119.427220951358,
              12040.60915397387
            ],
            [
              14220.960521602596,
              12118.256565698422
            ],
            [
              14296.460797892592,
              12051.423953634687
            ],
            [
              14252.350636306219,
              11888.179918814916
            ]
          ]
        ]
      }
    },
    {
      "type": "Feature",
      "properties": {
        "id": "veg/129",
        "class": "forest",
        "area_m2": 29377.94
      },
      "geometry": {
        "type": "Polygon",
        "coordinates": [
          [
            [
              11111.108874347236,
              12347.728698067833
            ],
            [
              10952.858263915754,
              12293.235761095304
            ],
            [
              10921.96446871257,
              12405.563128395472
            ],
            [
              10984.589531043428,
              12501.726137500256
            ],
            [
              11097.725082975405,
              12502.226817183662
            ],
            [
              11111.108874347236,
              12347.728698067833
            ]
          ]
        ]
      }
    },
    {
      "type": "Feature",
      "properties": {
        "id": "veg/130",
        "class": "forest",
        "area_m2": 165901.9
      },
      "geometry": {
        "type": "Polygon",
        "coordinates": [
          [
            [
              15708.155837172177,
              12169.520075924229
            ],
            [
              15904.950722493348,
              11953.908013873734
            ],
            [
              15845.726199586701,
              11730.412509648595
            ],
            [
              15711.9984063679,
              11716.674213412218
            ],
            [
              15635.103009935352,
              11610.197656500619
            ],
            [
              15480.39229710633,
              11594.003917565104
            ],
            [
              15399.155708407518,
              11833.39219855005
            ],
            [
              15418.949581557652,
              11894.17205929244
            ],
            [
              15582.143049320322,
              11932.78872267995
            ],
            [
              15614.385083438945,
              12106.21934219636
            ],
            [
              15708.155837172177,
              12169.520075924229
            ]
          ]
        ]
      }
    },
    {
      "type": "Feature",
      "properties": {
        "id": "veg/131",
        "class": "forest",
        "area_m2": 156131.46
      },
      "geometry": {
        "type": "Polygon",
        "coordinates": [
          [
            [
              15309.206219521817,
              13178.756344244815
            ],
            [
              15382.918170354911,
              12950.644722201396
            ],
            [
              15588.042529800266,
              12634.850431625731
            ],
            [
              15599.846580047219,
              12387.739031326491
            ],
            [
              15496.425897954614,
              12358.590904379264
            ],
            [
              15253.47197080683,
              12792.605035082903
            ],
            [
              15158.436247146048,
              13137.765405722428
            ],
            [
              15211.654802541365,
              13212.405463831034
            ],
            [
              15309.206219521817,
              13178.756344244815
            ]
          ]
        ]
      }
    },
    {
      "type": "Feature",
      "properties": {
        "id": "veg/132",
        "class": "forest",
        "area_m2": 125606.57
      },
      "geometry": {
        "type": "Polygon",
        "coordinates": [
          [
            [
              13007.495457295852,
              12702.267940305173
            ],
            [
              13089.386830658128,
              12727.990449435078
            ],
            [
              13233.607449168863,
              12503.420932138804
            ],
            [
              13123.501897582959,
              12328.235032608267
            ],
            [
              12861.700112504768,
              12306.092240421567
            ],
            [
              12689.879195620713,
              12409.205698933918
            ],
            [
              12765.083685068239,
              12498.935811505653
            ],
            [
              12916.804483406246,
              12533.591558756772
            ],
            [
              13007.495457295852,
              12702.267940305173
            ]
          ]
        ]
      }
    },
    {
      "type": "Feature",
      "properties": {
        "id": "veg/133",
        "class": "forest",
        "area_m2": 395675.4
      },
      "geometry": {
        "type": "Polygon",
        "coordinates": [
          [
            [
              14154.272710714024,
              12642.922079513315
            ],
            [
              14253.300674117985,
              12800.323315809947
            ],
            [
              14555.373225288058,
              12889.166283080354
            ],
            [
              14640.711325888115,
              13003.860587567557
            ],
            [
              14642.26258210378,
              13004.5857595345
            ],
            [
              14642.65237378591,
              13006.469353605993
            ],
            [
              14662.433917668182,
              13033.05572477309
            ],
            [
              14782.202506341913,
              13021.825049685314
            ],
            [
              14837.86384835915,
              12807.040740457363
            ],
            [
              14813.246200591326,
              12686.026363227982
            ],
            [
              14657.212326574314,
              12682.609160687309
            ],
            [
              14567.777442647493,
              12612.528212273959
            ],
            [
              14567.305945433152,
              12386.58110916987
            ],
            [
              14425.262239796284,
              12136.234420824796
            ],
            [
              14300.424862743006,
              12121.091861601453
            ],
            [
              14128.48948077904,
              12179.95430697361
            ],
            [
              14048.423777825257,
              12259.12231783662
            ],
            [
              14001.220893275051,
              12443.440239733085
            ],
            [
              14056.605556017777,
              12588.724537243135
            ],
            [
              14154.272710714024,
              12642.922079513315
            ]
          ]
        ]
      }
    },
    {
      "type": "Feature",
      "properties": {
        "id": "veg/134",
        "class": "forest",
        "area_m2": 53488.94
      },
      "geometry": {
        "type": "Polygon",
        "coordinates": [
          [
            [
              13853.33883187396,
              12746.072787506506
            ],
            [
              13851.908707052411,
              12661.31826212816
            ],
            [
              13709.896411975205,
              12604.458137944806
            ],
            [
              13547.042169631226,
              12705.128524335101
            ],
            [
              13588.020045072248,
              12846.989726076368
            ],
            [
              13667.857248735498,
              12875.971200816333
            ],
            [
              13853.33883187396,
              12746.072787506506
            ]
          ]
        ]
      }
    },
    {
      "type": "Feature",
      "properties": {
        "id": "veg/135",
        "class": "forest",
        "area_m2": 67283.77
      },
      "geometry": {
        "type": "Polygon",
        "coordinates": [
          [
            [
              11687.7723422196,
              13567.438050668687
            ],
            [
              11795.121872676711,
              13484.849836652167
            ],
            [
              11761.606150292908,
              13377.0675019091
            ],
            [
              11653.938654978527,
              13381.324524933007
            ],
            [
              11617.705644972157,
              13505.28268372966
            ],
            [
              11417.132768383075,
              13501.360840919428
            ],
            [
              11408.275010741258,
              13668.825901618227
            ],
            [
              11628.71490358212,
              13699.808438044041
            ],
            [
              11687.7723422196,
              13567.438050668687
            ]
          ]
        ]
      }
    },
    {
      "type": "Feature",
      "properties": {
        "id": "veg/136",
        "class": "forest",
        "area_m2": 26818.53
      },
      "geometry": {
        "type": "Polygon",
        "coordinates": [
          [
            [
              11714.811251950334,
              13292.066743175033
            ],
            [
              11711.73930929188,
              13287.68266642699
            ],
            [
              11709.996374033624,
              13286.88716429146
            ],
            [
              11710.05847190303,
              13285.283884635195
            ],
            [
              11616.858394511102,
              13152.274796366692
            ],
            [
              11507.013257733546,
              13191.348972276319
            ],
            [
              11534.884698295966,
              13326.750574448146
            ],
            [
              11623.708538042381,
              13360.359960084315
            ],
            [
              11714.811251950334,
              13292.066743175033
            ]
          ]
        ]
      }
    },
    {
      "type": "Feature",
      "properties": {
        "id": "veg/137",
        "class": "forest",
        "area_m2": 27862.82
      },
      "geometry": {
        "type": "Polygon",
        "coordinates": [
          [
            [
              11276.66012479557,
              12748.759856845718
            ],
            [
              11188.499237274169,
              12646.43466445338
            ],
            [
              11100.548458354548,
              12678.566583014093
            ],
            [
              11087.056197244034,
              12820.54306248203
            ],
            [
              11209.527879842266,
              12868.807294349652
            ],
            [
              11276.66012479557,
              12748.759856845718
            ]
          ]
        ]
      }
    },
    {
      "type": "Feature",
      "properties": {
        "id": "veg/138",
        "class": "forest",
        "area_m2": 45378.32
      },
      "geometry": {
        "type": "Polygon",
        "coordinates": [
          [
            [
              11247.295605578984,
              13341.396638907492
            ],
            [
              11158.990209171548,
              13142.516897227615
            ],
            [
              11052.295908414293,
              13116.083866784815
            ],
            [
              10998.08874707116,
              13326.590702956542
            ],
            [
              11165.623500801623,
              13411.217798218597
            ],
            [
              11247.295605578984,
              13341.396638907492
            ]
          ]
        ]
      }
    },
    {
      "type": "Feature",
      "properties": {
        "id": "veg/139",
        "class": "forest",
        "area_m2": 187405.94
      },
      "geometry": {
        "type": "Polygon",
        "coordinates": [
          [
            [
              12909.541417154658,
              13693.03491216898
            ],
            [
              13004.867437097768,
              13629.26000138186
            ],
            [
              12953.933743472968,
              13410.539697500411
            ],
            [
              13041.2761536662,
              13332.200680132955
            ],
            [
              13194.928434932313,
              13288.203505482525
            ],
            [
              13179.669221901859,
              13178.432856336702
            ],
            [
              13051.547816728242,
              13107.062104471028
            ],
            [
              12955.043810620264,
              12935.874210520182
            ],
            [
              12874.913782287098,
              12960.858119265176
            ],
            [
              12863.58065521397,
              13225.710205998272
            ],
            [
              12681.769216828048,
              13449.71460308414
            ],
            [
              12683.315861769428,
              13613.014855142683
            ],
            [
              12745.961911339546,
              13674.517007503659
            ],
            [
              12909.541417154658,
              13693.03491216898
            ]
          ]
        ]
      }
    },
    {
      "type": "Feature",
      "properties": {
        "id": "veg/140",
        "class": "forest",
        "area_m2": 111943.37
      },
      "geometry": {
        "type": "Polygon",
        "coordinates": [
          [
            [
              12443.674556895858,
              12761.069417210761
            ],
            [
              12646.721096241847,
              12785.5368236918
            ],
            [
              12807.059286960284,
              12908.819005804602
            ],
            [
              12918.121382909943,
              12887.252249387093
            ],
            [
              12936.20110145706,
              12698.791124502197
            ],
            [
              12772.507883636747,
              12588.128865556791
            ],
            [
              12462.33579294139,
              12589.013644498307
            ],
            [
              12389.276363847835,
              12672.939577385783
            ],
            [
              12443.674556895858,
              12761.069417210761
            ]
          ]
        ]
      }
    },
    {
      "type": "Feature",
      "properties": {
        "id": "veg/141",
        "class": "forest",
        "area_m2": 47550.24
      },
      "geometry": {
        "type": "Polygon",
        "coordinates": [
          [
            [
              14934.310541259765,
              13914.9015419567
            ],
            [
              14900.69496932847,
              13778.036882510409
            ],
            [
              14815.96255188412,
              13752.284522547387
            ],
            [
              14686.843018631625,
              13826.62055712426
            ],
            [
              14650.400985603104,
              13935.361153668258
            ],
            [
              14730.025598541135,
              14015.734409355093
            ],
            [
              14934.310541259765,
              13914.9015419567
            ]
          ]
        ]
      }
    },
    {
      "type": "Feature",
      "properties": {
        "id": "veg/142",
        "class": "forest",
        "area_m2": 476302.05
      },
      "geometry": {
        "type": "Polygon",
        "coordinates": [
          [
            [
              12637.649122293456,
              14258.256114615593
            ],
            [
              12669.893947619596,
              14268.778260921594
            ],
            [
              12695.503327274811,
              14292.805181333795
            ],
            [
              12712.64264088939,
              14318.90896424232
            ],
            [
              12715.094678764872,
              14335.218042034656
            ],
            [
              12724.012125772308,
              14344.079801709857
            ],
            [
              12785.20985323016,
              14551.268336042762
            ],
            [
              12798.552671866666,
              14763.559952641837
            ],
            [
              12905.858455361042,
              14794.325918637682
            ],
            [
              13234.257272225688,
              14657.663156327326
            ],
            [
              13369.772565048712,
              14520.926570926327
            ],
            [
              13400.278961172793,
              14213.270172501914
            ],
            [
              13327.96022609889,
              14120.526029703207
            ],
            [
              13187.60343912366,
              14089.317464396358
            ],
            [
              13084.141487165587,
              13934.862675499171
            ],
            [
              13100.116241328302,
              13837.456933006644
            ],
            [
              12948.198051968531,
              13756.082257245667
            ],
            [
              12908.662414905557,
              13864.597647002432
            ],
            [
              12989.557193654415,
              13965.476191716734
            ],
            [
              12866.929896740476,
              14087.79540298786
            ],
            [
              12623.400553684449,
              13998.651983102318
            ],
            [
              12543.27644068672,
              14084.827505386434
            ],
            [
              12596.74979333952,
              14217.612192228436
            ],
            [
              12637.649122293456,
              14258.256114615593
            ]
          ]
        ]
      }
    },
    {
      "type": "Feature",
      "properties": {
        "id": "veg/143",
        "class": "forest",
        "area_m2": 77843.14
      },
      "geometry": {
        "type": "Polygon",
        "coordinates": [
          [
            [
              11205.166074607056,
              19195.59341792902
            ],
            [
              11100.120315451117,
              19135.418302441016
            ],
            [
              11097.660492418101,
              19134.485179864336
            ],
            [
              11071.986880841665,
              19124.027217708528
            ],
            [
              11072.897654417728,
              19119.823891160544
            ],
            [
              11049.322730369633,
              19106.319073939696
            ],
            [
              10911.2637217734,
              19147.62821348291
            ],
            [
              10890.167322694848,
              19243.13908370072
            ],
            [
              10947.83046377293,
              19402.139618698042
            ],
            [
              11128.914574023802,
              19419.593696516473
            ],
            [
              11224.519877733954,
              19312.514211968984
            ],
            [
              11205.166074607056,
              19195.59341792902
            ]
          ]
        ]
      }
    },
    {
      "type": "Feature",
      "properties": {
        "id": "veg/144",
        "class": "grass",
        "area_m2": 55459.72
      },
      "geometry": {
        "type": "Polygon",
        "coordinates": [
          [
            [
              -10078.556403112947,
              -31358.111557613593
            ],
            [
              -10148.179944714473,
              -31441.04237943329
            ],
            [
              -10187.124613706546,
              -31429.721390445717
            ],
            [
              -10185.894764234545,
              -31425.885198147967
            ],
            [
              -10185.973302793456,
              -31423.526693522
            ],
            [
              -10188.115560753446,
              -31422.591663503088
            ],
            [
              -10190.326731382811,
              -31422.598112885375
            ],
            [
              -10194.097268915968,
              -31424.967843457125
            ],
            [
              -10196.681743123336,
              -31426.943188455887
            ],
            [
              -10213.49626289762,
              -31422.05530525837
            ],
            [
              -10213.504882877984,
              -31422.045560943894
            ],
            [
              -10213.986303840065,
              -31418.43688372057
            ],
            [
              -10215.882421796385,
              -31417.656166368164
            ],
            [
              -10216.6756983964,
              -31415.93095546821
            ],
            [
              -10217.450695949548,
              -31413.452668295708
            ],
            [
              -10221.432105558866,
              -31413.718971889
            ],
            [
              -10223.971920441429,
              -31413.36093655182
            ],
            [
              -10228.875643628533,
              -31409.776220480446
            ],
            [
              -10229.786461301206,
              -31406.35704980232
            ],
            [
              -10229.61846107681,
              -31400.775331337005
            ],
            [
              -10226.746762449504,
              -31395.58439305518
            ],
            [
              -10228.196068342717,
              -31393.562098950148
            ],
            [
              -10231.280499450106,
              -31392.4969220208
            ],
            [
              -10232.905033446616,
              -31393.575820825994
            ],
            [
              -10234.710669497203,
              -31395.74048608588
            ],
            [
              -10235.19526411302,
              -31398.067410091404
            ],
            [
              -10237.86428384413,
              -31399.03861291427
            ],
            [
              -10239.721525116824,
              -31401.059467609506
            ],
            [
              -10242.636456758715,
              -31401.95386892138
            ],
            [
              -10245.555356426572,
              -31401.486195611767
            ],
            [
              -10248.137986945978,
              -31400.485996653326
            ],
            [
              -10252.357938083762,
              -31399.689895667136
            ],
            [
              -10257.533093384467,
              -31401.321752012707
            ],
            [
              -10260.456618396507,
              -31402.78094203025
            ],
            [
              -10266.201312854886,
              -31406.734253478702
            ],
            [
              -10330.591677822813,
              -31316.779427323025
            ],
            [
              -10275.317054808198,
              -31133.389864654746
            ],
            [
              -10139.0336696601,
              -31129.44891440496
            ],
            [
              -10078.556403112947,
              -31358.111557613593
            ]
          ]
        ]
      }
    },
    {
      "type": "Feature",
      "properties": {
        "id": "veg/145",
        "class": "grass",
        "area_m2": 25331.55
      },
      "geometry": {
        "type": "Polygon",
        "coordinates": [
          [
            [
              -9690.877830086392,
              -31622.325472860597
            ],
            [
              -9759.606925273198,
              -31499.120577085763
            ],
            [
              -9622.3951052833,
              -31384.88044083258
            ],
            [
              -9558.510867279605,
              -31541.66914827237
            ],
            [
              -9690.877830086392,
              -31622.325472860597
            ]
          ]
        ]
      }
    },
    {
      "type": "Feature",
      "properties": {
        "id": "veg/146",
        "class": "grass",
        "area_m2": 25329.03
      },
      "geometry": {
        "type": "Polygon",
        "coordinates": [
          [
            [
              -9369.9527569575,
              -30558.723162830807
            ],
            [
              -9376.484512701514,
              -30568.742301688995
            ],
            [
              -9379.098362979363,
              -30574.430976185948
            ],
            [
              -9381.287785701687,
              -30578.269049202558
            ],
            [
              -9382.710142875672,
              -30581.88336440036
            ],
            [
              -9382.369909461588,
              -30586.145800617058
            ],
            [
              -9382.468718423392,
              -30587.342074315064
            ],
            [
              -9381.586747958325,
              -30587.893147558905
            ],
            [
              -9379.281959556742,
              -30588.428918050136
            ],
            [
              -9378.172518416482,
              -30589.743413369637
            ],
            [
              -9376.749042114883,
              -30589.94958625734
            ],
            [
              -9373.548457897501,
              -30592.243441624567
            ],
            [
              -9371.459290029074,
              -30592.558374078013
            ],
            [
              -9370.021297387255,
              -30594.204108792823
            ],
            [
              -9366.61032427469,
              -30594.95806662459
            ],
            [
              -9363.976654283004,
              -30595.935812572483
            ],
            [
              -9361.852329689893,
              -30597.117722272873
            ],
            [
              -9359.150918236643,
              -30616.85839085607
            ],
            [
              -9361.160353185609,
              -30617.023198019713
            ],
            [
              -9362.589524966781,
              -30618.34524021251
            ],
            [
              -9365.120176948782,
              -30617.588665958494
            ],
            [
              -9373.360773312626,
              -30617.502424906008
            ],
            [
              -9379.850294279458,
              -30617.63245278457
            ],
            [
              -9378.519732742338,
              -30621.017108155414
            ],
            [
              -9370.166863764462,
              -30620.99227945134
            ],
            [
              -9365.109443898138,
              -30621.198721893597
            ],
            [
              -9359.934583594091,
              -30623.032675123774
            ],
            [
              -9358.365560016478,
              -30622.597426397726
            ],
            [
              -9347.501836800133,
              -30701.98450359935
            ],
            [
              -9443.83138097846,
              -30751.614028704353
            ],
            [
              -9530.082408957998,
              -30697.58985828189
            ],
            [
              -9472.651753805345,
              -30551.444352913648
            ],
            [
              -9367.57263311639,
              -30555.316383939236
            ],
            [
              -9369.9527569575,
              -30558.723162830807
            ]
          ]
        ]
      }
    },
    {
      "type": "Feature",
      "properties": {
        "id": "veg/147",
        "class": "grass",
        "area_m2": 1175383.19
      },
      "geometry": {
        "type": "Polygon",
        "coordinates": [
          [
            [
              -8778.716944832064,
              -28188.229955514427
            ],
            [
              -8491.221548624453,
              -28131.440290139057
            ],
            [
              -8055.524887906387,
              -28236.4386800481
            ],
            [
              -7884.518255880568,
              -28312.02398267202
            ],
            [
              -7856.3954347537365,
              -28385.50406756159
            ],
            [
              -7955.717134682229,
              -28607.48877568869
            ],
            [
              -7962.530286563851,
              -28612.687763815746
            ],
            [
              -7963.730040387309,
              -28612.36492684204
            ],
            [
              -7964.670232009492,
              -28612.832918376196
            ],
            [
              -7967.192972577759,
              -28614.568196415436
            ],
            [
              -7967.40522244625,
              -28616.407735748217
            ],
            [
              -8095.099163696053,
              -28713.848581919912
            ],
            [
              -8116.272286309104,
              -28742.251695691608
            ],
            [
              -8119.029828911065,
              -28745.27402237989
            ],
            [
              -8129.7659147175145,
              -28758.86135453172
            ],
            [
              -8132.503229695372,
              -28760.730146827642
            ],
            [
              -8149.307636763435,
              -28784.74551627133
            ],
            [
              -8151.481113809219,
              -28786.91157721635
            ],
            [
              -8155.260737970122,
              -28792.681574793532
            ],
            [
              -8160.143747586815,
              -28795.763978860807
            ],
            [
              -8161.580299264751,
              -28797.92778584687
            ],
            [
              -8166.996433075052,
              -28804.068221563008
            ],
            [
              -8170.611409995938,
              -28806.781307226047
            ],
            [
              -8175.134573849908,
              -28810.394155184273
            ],
            [
              -8177.653278459737,
              -28813.469329111278
            ],
            [
              -8186.1304110735655,
              -28826.097357797902
            ],
            [
              -8185.762844969286,
              -28829.152639409993
            ],
            [
              -8186.29979365319,
              -28830.95933003258
            ],
            [
              -8187.922783821297,
              -28832.403898368124
            ],
            [
              -8189.179291128996,
              -28836.549385762308
            ],
            [
              -8191.341430310451,
              -28839.080845511053
            ],
            [
              -8192.601253705041,
              -28842.141097669024
            ],
            [
              -8193.503354661574,
              -28845.034148235805
            ],
            [
              -8193.667878413515,
              -28846.07557883626
            ],
            [
              -8208.15342716535,
              -28865.50751132751
            ],
            [
              -8284.952434722043,
              -29118.164175308775
            ],
            [
              -8268.684468113992,
              -29299.963164536748
            ],
            [
              -8313.639288473292,
              -29523.57578692725
            ],
            [
              -8402.1414714423,
              -29712.980954888277
            ],
            [
              -8396.96713632089,
              -29791.22716909228
            ],
            [
              -8397.459587049787,
              -29791.700618023984
            ],
            [
              -8400.32194279373,
              -29792.91637355555
            ],
            [
              -8402.399109336664,
              -29796.521707789972
            ],
            [
              -8397.09781378595,
              -29802.961688609794
            ],
            [
              -8396.139432773984,
              -29803.743689090945
            ],
            [
              -8394.16187094216,
              -29833.648347963113
            ],
            [
              -8316.888597531593,
              -29961.103421879932
            ],
            [
              -8318.333274152363,
              -29960.746846984606
            ],
            [
              -8319.047416274261,
              -29964.890664320905
            ],
            [
              -8318.490113165055,
              -29969.750415359158
            ],
            [
              -8314.859448951785,
              -29972.087031709496
            ],
            [
              -8310.238001924532,
              -29972.072960470803
            ],
            [
              -8291.059313368518,
              -30003.706422593445
            ],
            [
              -8292.711745071341,
              -30027.314572744537
            ],
            [
              -8295.472529904277,
              -30032.54692711169
            ],
            [
              -8296.729175966815,
              -30036.692397533916
            ],
            [
              -8297.987475315866,
              -30040.295251169708
            ],
            [
              -8300.336251849367,
              -30042.107451906893
            ],
            [
              -8303.23468461103,
              -30041.573656769935
            ],
            [
              -8304.317861592921,
              -30045.541415618733
            ],
            [
              -8302.48801881721,
              -30051.471460130066
            ],
            [
              -8299.570006485621,
              -30055.072669070214
            ],
            [
              -8299.379537277739,
              -30060.476157903206
            ],
            [
              -8300.447555106715,
              -30066.060661861207
            ],
            [
              -8300.23369798914,
              -30075.782904873136
            ],
            [
              -8298.411505665455,
              -30079.199194196146
            ],
            [
              -8296.342922541255,
              -30079.192894122563
            ],
            [
              -8308.330535835237,
              -30250.458898103796
            ],
            [
              -8308.556607861014,
              -30250.288777529728
            ],
            [
              -8310.207285939541,
              -30249.41896419553
            ],
            [
              -8310.213286953105,
              -30247.44782665046
            ],
            [
              -8308.89781797165,
              -30245.804883172736
            ],
            [
              -8309.231037599035,
              -30243.945480932947
            ],
            [
              -8309.462570331816,
              -30241.864290914964
            ],
            [
              -8308.475972318614,
              -30239.790466164704
            ],
            [
              -8310.564475683379,
              -30239.686085519847
            ],
            [
              -8313.648544747848,
              -30238.70989651885
            ],
            [
              -8316.065614650724,
              -30238.274298058823
            ],
            [
              -8314.512534189795,
              -30244.07229867438
            ],
            [
              -8314.506230343075,
              -30246.143100477755
            ],
            [
              -8315.37885026948,
              -30248.670608097687
            ],
            [
              -8314.815784766572,
              -30252.057510211132
            ],
            [
              -8313.923174263211,
              -30256.09676972963
            ],
            [
              -8314.127480267663,
              -30259.59674688382
            ],
            [
              -8313.249757431739,
              -30262.107852239627
            ],
            [
              -8309.843791417079,
              -30261.222644537687
            ],
            [
              -8309.130297432072,
              -30261.88502351055
            ],
            [
              -8311.955195314426,
              -30302.244097506627
            ],
            [
              -8410.610417161894,
              -30356.717666789424
            ],
            [
              -8439.259102041251,
              -30341.49049245799
            ],
            [
              -8440.476541432785,
              -30339.39182154322
            ],
            [
              -8445.885290971957,
              -30334.701829170343
            ],
            [
              -8448.51729811239,
              -30334.277935310267
            ],
            [
              -8452.045195545186,
              -30332.096008820925
            ],
            [
              -8454.042270480772,
              -30328.392310930416
            ],
            [
              -8456.236473293742,
              -30327.1919137137
            ],
            [
              -8457.99608600937,
              -30327.529470381793
            ],
            [
              -8459.756068416056,
              -30327.745214997325
            ],
            [
              -8467.025437817094,
              -30323.83603404835
            ],
            [
              -8467.469590770721,
              -30322.51958672423
            ],
            [
              -8468.797009998525,
              -30320.231315256096
            ],
            [
              -8474.201410406095,
              -30316.969833459705
            ],
            [
              -8478.928576236241,
              -30314.248917066026
            ],
            [
              -8483.246723728313,
              -30314.760339229833
            ],
            [
              -8485.820879623236,
              -30316.74226030009
            ],
            [
              -8587.801830288721,
              -30262.53796712635
            ],
            [
              -8754.565094247751,
              -30265.108459576033
            ],
            [
              -8788.829784590402,
              -30183.086432802025
            ],
            [
              -8693.363047355204,
              -29922.05023773713
            ],
            [
              -8580.136735228996,
              -29696.677801326383
            ],
            [
              -8645.130564861174,
              -29567.57611332927
            ],
            [
              -8521.711539765995,
              -29409.58781799581
            ],
            [
              -8536.699133005866,
              -29189.393530794885
            ],
            [
              -8611.4910733609,
              -29076.70606796909
            ],
            [
              -8987.708297255798,
              -29048.58083287021
            ],
            [
              -9024.786525989475,
              -28927.657866420224
            ],
            [
              -8903.794360102213,
              -28770.797273859847
            ],
            [
              -8957.130523169588,
              -28669.772798431106
            ],
            [
              -8923.18777559686,
              -28426.75371389743
            ],
            [
              -8853.770327269565,
              -28247.072615928948
            ],
            [
              -8778.716944832064,
              -28188.229955514427
            ]
          ]
        ]
      }
    },
    {
      "type": "Feature",
      "properties": {
        "id": "veg/148",
        "class": "grass",
        "area_m2": 205152.8
      },
      "geometry": {
        "type": "Polygon",
        "coordinates": [
          [
            [
              -11153.576371637697,
              -28824.851803927682
            ],
            [
              -10997.928854418627,
              -28687.140529714525
            ],
            [
              -10904.89511934889,
              -28661.70731658535
            ],
            [
              -10842.428979001881,
              -28717.99716813024
            ],
            [
              -10892.73181369761,
              -28871.80334698921
            ],
            [
              -11002.165220191353,
              -29190.303289200645
            ],
            [
              -11075.811213848589,
              -29392.290302615613
            ],
            [
              -11084.747087726486,
              -29401.854676894844
            ],
            [
              -11306.85008160735,
              -29245.227447981946
            ],
            [
              -11356.522862580081,
              -29084.507252406795
            ],
            [
              -11277.109361955372,
              -28882.559413870797
            ],
            [
              -11153.576371637697,
              -28824.851803927682
            ]
          ]
        ]
      }
    },
    {
      "type": "Feature",
      "properties": {
        "id": "veg/149",
        "class": "grass",
        "area_m2": 130379.18
      },
      "geometry": {
        "type": "Polygon",
        "coordinates": [
          [
            [
              -10310.969782615895,
              -28491.66986158723
            ],
            [
              -10228.470689852023,
              -28640.52521847468
            ],
            [
              -10451.015302194166,
              -28893.185625870712
            ],
            [
              -10749.252635314246,
              -28885.44409143878
            ],
            [
              -10752.625994982081,
              -28827.1830789838
            ],
            [
              -10705.224116548081,
              -28686.78352080565
            ],
            [
              -10705.94980292255,
              -28685.250960910693
            ],
            [
              -10566.821623926342,
              -28586.068131275475
            ],
            [
              -10310.969782615895,
              -28491.66986158723
            ]
          ]
        ]
      }
    },
    {
      "type": "Feature",
      "properties": {
        "id": "veg/150",
        "class": "grass",
        "area_m2": 66570.35
      },
      "geometry": {
        "type": "Polygon",
        "coordinates": [
          [
            [
              -9875.135236365837,
              -28418.09205524437
            ],
            [
              -9784.576735373877,
              -28487.81583679933
            ],
            [
              -9804.647612416185,
              -28627.588504539337
            ],
            [
              -9878.412524196261,
              -28677.191299879923
            ],
            [
              -10133.241116486664,
              -28619.144235644024
            ],
            [
              -10110.970562521543,
              -28470.386625139043
            ],
            [
              -9875.135236365837,
              -28418.09205524437
            ]
          ]
        ]
      }
    },
    {
      "type": "Feature",
      "properties": {
        "id": "veg/151",
        "class": "grass",
        "area_m2": 170475.77
      },
      "geometry": {
        "type": "Polygon",
        "coordinates": [
          [
            [
              -9464.953408626723,
              -28267.12726056995
            ],
            [
              -8973.9653817644,
              -28249.159981426317
            ],
            [
              -8900.337461800955,
              -28358.974557362497
            ],
            [
              -8945.473906295607,
              -28478.064410713967
            ],
            [
              -9138.02457951312,
              -28532.288709834218
            ],
            [
              -9548.803953036724,
              -28521.22539465176
            ],
            [
              -9627.233813191648,
              -28433.45291656768
            ],
            [
              -9592.655330548878,
              -28318.235590265132
            ],
            [
              -9464.953408626723,
              -28267.12726056995
            ]
          ]
        ]
      }
    },
    {
      "type": "Feature",
      "properties": {
        "id": "veg/152",
        "class": "grass",
        "area_m2": 284020.76
      },
      "geometry": {
        "type": "Polygon",
        "coordinates": [
          [
            [
              -1582.1776110077044,
              -22431.063312928658
            ],
            [
              -1440.5880559073412,
              -22554.744165418204
            ],
            [
              -1404.5249944117968,
              -22904.261071528308
            ],
            [
              -1488.3101226402214,
              -22983.176021517254
            ],
            [
              -1750.2591418851516,
              -22960.44054226298
            ],
            [
              -1967.0949287920957,
              -22851.419317373075
            ],
            [
              -2105.426560178108,
              -22636.53508057678
            ],
            [
              -2062.6876123070833,
              -22497.563353735954
            ],
            [
              -1770.0198781669606,
              -22480.061269154772
            ],
            [
              -1582.1776110077044,
              -22431.063312928658
            ]
          ]
        ]
      }
    },
    {
      "type": "Feature",
      "properties": {
        "id": "veg/153",
        "class": "grass",
        "area_m2": 179967.79
      },
      "geometry": {
        "type": "Polygon",
        "coordinates": [
          [
            [
              -1582.805855513434,
              -13104.351062322035
            ],
            [
              -1418.6216661582002,
              -13271.798984873574
            ],
            [
              -1473.0263868597103,
              -13400.834407982882
            ],
            [
              -1650.3337589054718,
              -13402.750940775964
            ],
            [
              -1684.9928431425942,
              -13396.705432591494
            ],
            [
              -1723.005579266348,
              -13400.382754941005
            ],
            [
              -1725.3389827338979,
              -13403.561679604929
            ],
            [
              -1789.3910841118195,
              -13404.254025057424
            ],
            [
              -2008.9990980435978,
              -13190.538488933817
            ],
            [
              -2005.4481279104366,
              -13126.517051946837
            ],
            [
              -1751.809930457268,
              -12902.753073176369
            ],
            [
              -1668.7753121286514,
              -12941.917916086037
            ],
            [
              -1582.805855513434,
              -13104.351062322035
            ]
          ]
        ]
      }
    },
    {
      "type": "Feature",
      "properties": {
        "id": "veg/154",
        "class": "grass",
        "area_m2": 548051.89
      },
      "geometry": {
        "type": "Polygon",
        "coordinates": [
          [
            [
              -3515.5616924636415,
              -12792.882416720968
            ],
            [
              -3497.2340204252396,
              -12776.519003777765
            ],
            [
              -3513.6109899274306,
              -12746.041358820163
            ],
            [
              -3494.3220607342664,
              -12673.122855799738
            ],
            [
              -3381.851086608076,
              -12600.576421474107
            ],
            [
              -3234.482336113171,
              -12724.219272578135
            ],
            [
              -3115.3788045920664,
              -12732.617103775032
            ],
            [
              -3114.3906468554633,
              -12579.860564992763
            ],
            [
              -2990.9513785790186,
              -12475.288939256221
            ],
            [
              -2826.060447035299,
              -12459.94289254304
            ],
            [
              -2765.289877554751,
              -12577.612362786662
            ],
            [
              -2906.374349138059,
              -12762.62728664698
            ],
            [
              -3049.546720660641,
              -12804.897924965248
            ],
            [
              -3077.402638312313,
              -12916.06707034586
            ],
            [
              -2967.410560128803,
              -13012.161587998737
            ],
            [
              -2816.657140183379,
              -13068.845767660998
            ],
            [
              -2872.294063092151,
              -13285.003979530651
            ],
            [
              -2959.4380391050363,
              -13365.991657136008
            ],
            [
              -3250.0552867656224,
              -13402.164388777222
            ],
            [
              -3445.751798908983,
              -13456.63810712751
            ],
            [
              -3545.521162924997,
              -13343.698011724744
            ],
            [
              -3703.16435860662,
              -13260.681479074061
            ],
            [
              -3715.073693240469,
              -13167.58952171402
            ],
            [
              -3541.090500413906,
              -12849.922955788672
            ],
            [
              -3524.756384121778,
              -12788.174618374556
            ],
            [
              -3515.5616924636415,
              -12792.882416720968
            ]
          ]
        ]
      }
    },
    {
      "type": "Feature",
      "properties": {
        "id": "veg/155",
        "class": "grass",
        "area_m2": 34926.02
      },
      "geometry": {
        "type": "Polygon",
        "coordinates": [
          [
            [
              -2223.9029690515017,
              -12774.070539810695
            ],
            [
              -2202.4794585476047,
              -12872.468258377165
            ],
            [
              -2271.742883216706,
              -12957.32944185473
            ],
            [
              -2374.7300043082796,
              -12925.59225562308
            ],
            [
              -2423.866746482847,
              -12812.801654394716
            ],
            [
              -2348.3770738431485,
              -12716.315768447239
            ],
            [
              -2223.9029690515017,
              -12774.070539810695
            ]
          ]
        ]
      }
    },
    {
      "type": "Feature",
      "properties": {
        "id": "veg/156",
        "class": "grass",
        "area_m2": 38629.7
      },
      "geometry": {
        "type": "Polygon",
        "coordinates": [
          [
            [
              -2417.078968108981,
              -12545.215636963025
            ],
            [
              -2467.0106716231094,
              -12695.510357739404
            ],
            [
              -2564.0058658862836,
              -12727.722641628701
            ],
            [
              -2619.564111924323,
              -12635.751393772662
            ],
            [
              -2585.6547279370716,
              -12483.817753212526
            ],
            [
              -2500.646781600488,
              -12438.001380694564
            ],
            [
              -2417.078968108981,
              -12545.215636963025
            ]
          ]
        ]
      }
    },
    {
      "type": "Feature",
      "properties": {
        "id": "veg/157",
        "class": "grass",
        "area_m2": 2690193.22
      },
      "geometry": {
        "type": "Polygon",
        "coordinates": [
          [
            [
              -2595.766247761785,
              -11256.902384859975
            ],
            [
              -2525.194097939413,
              -11175.881422494072
            ],
            [
              -2440.9713868389954,
              -10930.578227378428
            ],
            [
              -2576.536396184296,
              -10563.349077699706
            ],
            [
              -2545.5060926454607,
              -10353.486128024291
            ],
            [
              -2328.292350143078,
              -10298.606246472336
            ],
            [
              -2314.9691680039396,
              -10120.737035591621
            ],
            [
              -2493.6973198711057,
              -9892.694752993993
            ],
            [
              -2411.850159241236,
              -9589.15876569366
            ],
            [
              -2196.0640020360006,
              -9279.652152057737
            ],
            [
              -1989.3178822476766,
              -9169.618782548234
            ],
            [
              -1843.933500878862,
              -9229.875698386226
            ],
            [
              -1757.5663011751603,
              -9410.416628375184
            ],
            [
              -1804.806372763589,
              -9653.615181295667
            ],
            [
              -1823.5499784533167,
              -9951.721800734755
            ],
            [
              -1865.9618996814825,
              -10131.483160461765
            ],
            [
              -1806.9621917858603,
              -10300.275695985649
            ],
            [
              -1672.3750615947065,
              -10426.275658182334
            ],
            [
              -1647.9450503127882,
              -10655.690011864994
            ],
            [
              -1678.2691484096576,
              -10917.124290963635
            ],
            [
              -1480.0518808689085,
              -11081.431523104664
            ],
            [
              -1533.37463005865,
              -11200.201766699087
            ],
            [
              -1676.2643855188508,
              -11292.201304627117
            ],
            [
              -1701.7124793099938,
              -11420.065938266926
            ],
            [
              -1630.6690566219622,
              -11542.210919503123
            ],
            [
              -1419.607720306376,
              -11627.428819125984
            ],
            [
              -1086.4724927478237,
              -11555.5867734747
            ],
            [
              -954.871359683515,
              -11648.451632789336
            ],
            [
              -959.3761406752747,
              -11876.240784609225
            ],
            [
              -988.4349006245029,
              -11889.938149318565
            ],
            [
              -992.6968174442882,
              -11890.715875747614
            ],
            [
              -996.4235622300184,
              -11893.703747428954
            ],
            [
              -1197.4700231538736,
              -11988.470582065172
            ],
            [
              -1231.0929566280684,
              -12002.904216198716
            ],
            [
              -1233.3577993655344,
              -12005.386925372295
            ],
            [
              -1323.7018090413767,
              -12047.97218544595
            ],
            [
              -1444.2742312238552,
              -12021.560263101477
            ],
            [
              -1447.2829017468612,
              -12020.624341282994
            ],
            [
              -1447.89766892849,
              -12020.766533046495
            ],
            [
              -1463.194862877368,
              -12017.41561505571
            ],
            [
              -1479.3654165781336,
              -12028.04482418159
            ],
            [
              -1495.0297261173837,
              -12031.667879969813
            ],
            [
              -1530.276908294647,
              -12061.50990536483
            ],
            [
              -1604.7021713274298,
              -12110.43103074329
            ],
            [
              -1613.9290408233064,
              -12113.792912804056
            ],
            [
              -1617.5678978694486,
              -12118.887914811727
            ],
            [
              -1694.70126939693,
              -12169.58913084492
            ],
            [
              -1706.0919457833515,
              -12228.63763522124
            ],
            [
              -1714.2780491379672,
              -12238.210740257986
            ],
            [
              -1713.097864325624,
              -12264.955848263577
            ],
            [
              -1734.2873945356114,
              -12374.8009553398
            ],
            [
              -1802.174946433457,
              -12493.421545596328
            ],
            [
              -1714.51198645588,
              -12698.946867751423
            ],
            [
              -1813.2211619719747,
              -12746.05752457399
            ],
            [
              -1916.058560715639,
              -12702.542806317098
            ],
            [
              -2082.0832292051637,
              -12483.933685692027
            ],
            [
              -2296.511408640712,
              -12400.07543984102
            ],
            [
              -2265.0999072837294,
              -12191.20540901972
            ],
            [
              -2231.941975322203,
              -12115.502490496263
            ],
            [
              -1925.8397829109454,
              -11310.03405505605
            ],
            [
              -1941.1717413706938,
              -11305.02680612076
            ],
            [
              -1977.0978969105054,
              -11272.405977439135
            ],
            [
              -2041.6622997008963,
              -11288.60078565916
            ],
            [
              -2252.6207757254015,
              -11843.32538696425
            ],
            [
              -2321.9759212232893,
              -11814.430191424675
            ],
            [
              -2377.6842751496006,
              -11949.939733874984
            ],
            [
              -2367.413419809134,
              -11954.923804625869
            ],
            [
              -2464.1607388583943,
              -11998.150392486714
            ],
            [
              -2639.8669096112717,
              -11992.074347828515
            ],
            [
              -2790.357666881231,
              -11773.800293014385
            ],
            [
              -2578.3131288167206,
              -11445.762502642814
            ],
            [
              -2595.766247761785,
              -11256.902384859975
            ]
          ]
        ]
      }
    },
    {
      "type": "Feature",
      "properties": {
        "id": "veg/158",
        "class": "grass",
        "area_m2": 99864.02
      },
      "geometry": {
        "type": "Polygon",
        "coordinates": [
          [
            [
              -3263.2440641459543,
              -10387.156584917568
            ],
            [
              -3255.9413800752372,
              -10371.23036492709
            ],
            [
              -3184.65843639191,
              -10253.695001342334
            ],
            [
              -3008.730380693043,
              -10271.986195470206
            ],
            [
              -3001.687571636983,
              -10559.796453990974
            ],
            [
              -3194.94706609071,
              -10672.589238742366
            ],
            [
              -3317.1694542720797,
              -10629.710295113735
            ],
            [
              -3297.8471897207783,
              -10440.32704245625
            ],
            [
              -3266.53752885788,
              -10388.701896480285
            ],
            [
              -3263.2440641459543,
              -10387.156584917568
            ]
          ]
        ]
      }
    },
    {
      "type": "Feature",
      "properties": {
        "id": "veg/159",
        "class": "grass",
        "area_m2": 134514.7
      },
      "geometry": {
        "type": "Polygon",
        "coordinates": [
          [
            [
              -2596.223112423031,
              -10085.360739193391
            ],
            [
              -2559.136430237326,
              -10302.054991889745
            ],
            [
              -2600.531494269788,
              -10534.99677831959
            ],
            [
              -2725.899795837875,
              -10552.645319183357
            ],
            [
              -2841.4018676005653,
              -10471.61820546491
            ],
            [
              -2820.721022291109,
              -10326.847463862505
            ],
            [
              -2899.464957863849,
              -10218.730640727095
            ],
            [
              -2869.673668595962,
              -10045.597927760798
            ],
            [
              -2811.3422652541194,
              -10012.666498523671
            ],
            [
              -2596.223112423031,
              -10085.360739193391
            ]
          ]
        ]
      }
    },
    {
      "type": "Feature",
      "properties": {
        "id": "veg/160",
        "class": "grass",
        "area_m2": 381348.38
      },
      "geometry": {
        "type": "Polygon",
        "coordinates": [
          [
            [
              -3110.7614437045995,
              -8846.266015247907
            ],
            [
              -3110.075366756413,
              -8862.782566454727
            ],
            [
              -3104.6865518196137,
              -8869.353293451015
            ],
            [
              -3090.267680580262,
              -8898.096975907683
            ],
            [
              -3069.3012034349376,
              -8924.282141510863
            ],
            [
              -3010.8439646308543,
              -9034.281680680346
            ],
            [
              -2846.005863079219,
              -9095.454286314547
            ],
            [
              -2761.221134387655,
              -9376.61988712661
            ],
            [
              -2592.603664409253,
              -9441.331239713822
            ],
            [
              -2575.6456976025365,
              -9503.63174119452
            ],
            [
              -2756.4285506727174,
              -9721.840085349511
            ],
            [
              -2949.4502667772467,
              -9634.450139758177
            ],
            [
              -2950.68703428359,
              -9631.542499236297
            ],
            [
              -3013.878111955535,
              -9599.278637048788
            ],
            [
              -3016.0028258564416,
              -9604.318688052706
            ],
            [
              -3022.121443827753,
              -9601.548503939062
            ],
            [
              -3018.165576380794,
              -9592.028634351678
            ],
            [
              -3085.9403823316097,
              -9567.377131734975
            ],
            [
              -3087.2599240834243,
              -9572.057271759026
            ],
            [
              -3101.1639570461703,
              -9565.762266675476
            ],
            [
              -3100.2869268397335,
              -9562.919053941034
            ],
            [
              -3123.4765243897564,
              -9555.660325372592
            ],
            [
              -3186.425316261302,
              -9498.078099241946
            ],
            [
              -3201.73396927712,
              -9261.6398616652
            ],
            [
              -3274.428987236868,
              -9131.89871526556
            ],
            [
              -3457.7780871144496,
              -8980.364110894967
            ],
            [
              -3412.5355003905715,
              -8773.990841824096
            ],
            [
              -3161.813251104497,
              -8750.201346395072
            ],
            [
              -3110.7614437045995,
              -8846.266015247907
            ]
          ]
        ]
      }
    },
    {
      "type": "Feature",
      "properties": {
        "id": "veg/161",
        "class": "grass",
        "area_m2": 24848.6
      },
      "geometry": {
        "type": "Polygon",
        "coordinates": [
          [
            [
              -21131.61024778441,
              -8006.61448851414
            ],
            [
              -21238.483857393905,
              -8132.92595812818
            ],
            [
              -21325.70523055957,
              -8115.775478033349
            ],
            [
              -21341.666492523393,
              -8019.672605237924
            ],
            [
              -21212.812861659564,
              -7933.3415930853225
            ],
            [
              -21131.61024778441,
              -8006.61448851414
            ]
          ]
        ]
      }
    },
    {
      "type": "Feature",
      "properties": {
        "id": "veg/162",
        "class": "grass",
        "area_m2": 396050.36
      },
      "geometry": {
        "type": "Polygon",
        "coordinates": [
          [
            [
              -20649.35770253383,
              -7425.063129210845
            ],
            [
              -20509.616286382196,
              -7426.393808154855
            ],
            [
              -20429.295134457527,
              -7585.711554710288
            ],
            [
              -20325.457482365775,
              -7646.19320303062
            ],
            [
              -20016.0469894798,
              -7614.3349557304755
            ],
            [
              -19871.990514414327,
              -7747.030942118261
            ],
            [
              -19934.343998923083,
              -7867.058663782198
            ],
            [
              -19936.292548548372,
              -7865.807197009213
            ],
            [
              -19959.893004136626,
              -7874.277392438613
            ],
            [
              -19969.25487288786,
              -7892.271947991103
            ],
            [
              -19951.567048828525,
              -7900.212279118132
            ],
            [
              -19967.54231897986,
              -7930.963973178528
            ],
            [
              -20151.733938144054,
              -8032.596219060011
            ],
            [
              -20342.666161555157,
              -7894.5439679794945
            ],
            [
              -20524.627309152973,
              -7898.92149316892
            ],
            [
              -20629.4323654123,
              -7782.61108278716
            ],
            [
              -21042.09321218246,
              -7569.66596806189
            ],
            [
              -20993.327703214076,
              -7252.964003062807
            ],
            [
              -20908.262940714543,
              -7207.253098310903
            ],
            [
              -20649.35770253383,
              -7425.063129210845
            ]
          ]
        ]
      }
    },
    {
      "type": "Feature",
      "properties": {
        "id": "veg/163",
        "class": "grass",
        "area_m2": 211150.11
      },
      "geometry": {
        "type": "Polygon",
        "coordinates": [
          [
            [
              -1457.4773762405384,
              1656.0930587854236
            ],
            [
              -1354.2466778726666,
              1693.040793214459
            ],
            [
              -1256.2278976759408,
              1597.932505540084
            ],
            [
              -1163.0936017021886,
              1388.9606620781124
            ],
            [
              -1167.3687978588277,
              1384.406626126729
            ],
            [
              -1139.3188908799784,
              1335.5468263700604
            ],
            [
              -1139.2379765915684,
              1335.4341506655328
            ],
            [
              -1084.776127261226,
              1213.2343430230394
            ],
            [
              -1174.5611962547991,
              1015.5668834722601
            ],
            [
              -1381.4446938455221,
              1038.7084553642198
            ],
            [
              -1518.9302219148376,
              1132.2952273641713
            ],
            [
              -1557.242602514103,
              1370.1422132709995
            ],
            [
              -1476.600174437277,
              1500.044463105034
            ],
            [
              -1457.4773762405384,
              1656.0930587854236
            ]
          ]
        ]
      }
    },
    {
      "type": "Feature",
      "properties": {
        "id": "veg/164",
        "class": "grass",
        "area_m2": 584010.14
      },
      "geometry": {
        "type": "Polygon",
        "coordinates": [
          [
            [
              -4333.8639296707115,
              11050.019766869955
            ],
            [
              -4235.57496466866,
              10996.3318260042
            ],
            [
              -4216.294206460763,
              10889.795699824579
            ],
            [
              -3901.451085301407,
              10710.845442332793
            ],
            [
              -3805.463489411457,
              10573.474281713367
            ],
            [
              -3808.5872753580916,
              10557.792151621543
            ],
            [
              -3782.2493044955772,
              10540.251660652924
            ],
            [
              -3765.760830053827,
              10516.654435929377
            ],
            [
              -3604.9191346270964,
              10471.758040469605
            ],
            [
              -3583.270940380811,
              10329.594692723826
            ],
            [
              -3728.953764020931,
              10140.914988842327
            ],
            [
              -3808.214397645439,
              10098.164674387313
            ],
            [
              -3947.5146048557945,
              10165.19886577176
            ],
            [
              -4211.570693873218,
              10127.65025621606
            ],
            [
              -4272.3595436247415,
              10169.307219967246
            ],
            [
              -4375.518998749554,
              10428.978982423432
            ],
            [
              -4666.4925574878,
              10434.535039048176
            ],
            [
              -4738.558519922604,
              10521.750643534586
            ],
            [
              -4457.067623964103,
              11011.561662324239
            ],
            [
              -4333.8639296707115,
              11050.019766869955
            ]
          ]
        ]
      }
    },
    {
      "type": "Feature",
      "properties": {
        "id": "veg/165",
        "class": "grass",
        "area_m2": 453584.03
      },
      "geometry": {
        "type": "Polygon",
        "coordinates": [
          [
            [
              -5579.144447052036,
              10014.116265842225
            ],
            [
              -5550.921785894374,
              10025.069223736413
            ],
            [
              -5540.409906172426,
              10021.993385315873
            ],
            [
              -5482.926964089682,
              10050.012597716413
            ],
            [
              -5479.3203478708165,
              10052.857090070378
            ],
            [
              -5281.787184944435,
              10129.51791252708
            ],
            [
              -5067.2898530338425,
              10265.015867185313
            ],
            [
              -4937.793509046838,
              10282.61956368573
            ],
            [
              -4877.6478175980155,
              10219.866273848806
            ],
            [
              -4928.476456521545,
              10034.367044486105
            ],
            [
              -4849.657940090285,
              9869.919939464424
            ],
            [
              -4890.500071586517,
              9651.347368563525
            ],
            [
              -5016.310815364821,
              9527.72189745726
            ],
            [
              -5231.524121144146,
              9569.322567165364
            ],
            [
              -5348.082898216788,
              9533.515185203403
            ],
            [
              -5794.15946605755,
              9766.325272878632
            ],
            [
              -5790.594175963488,
              9830.345897383057
            ],
            [
              -5579.144447052036,
              10014.116265842225
            ]
          ]
        ]
      }
    },
    {
      "type": "Feature",
      "properties": {
        "id": "veg/166",
        "class": "grass",
        "area_m2": 28057.41
      },
      "geometry": {
        "type": "Polygon",
        "coordinates": [
          [
            [
              -2509.647823557083,
              10726.47752115177
            ],
            [
              -2517.0753423010465,
              10619.058947071899
            ],
            [
              -2600.959370229626,
              10539.370885067154
            ],
            [
              -2727.7155259139836,
              10627.649566840846
            ],
            [
              -2655.855652063794,
              10733.213046939578
            ],
            [
              -2509.647823557083,
              10726.47752115177
            ]
          ]
        ]
      }
    },
    {
      "type": "Feature",
      "properties": {
        "id": "veg/167",
        "class": "grass",
        "area_m2": 29865.87
      },
      "geometry": {
        "type": "Polygon",
        "coordinates": [
          [
            [
              -2629.374026927224,
              13184.947661507875
            ],
            [
              -2786.7810158363427,
              13105.70267315628
            ],
            [
              -2875.3958122287295,
              13188.776433281135
            ],
            [
              -2789.0496113584377,
              13301.674441192765
            ],
            [
              -2655.864990630769,
              13276.504002177157
            ],
            [
              -2629.374026927224,
              13184.947661507875
            ]
          ]
        ]
      }
    },
    {
      "type": "Feature",
      "properties": {
        "id": "veg/168",
        "class": "grass",
        "area_m2": 68479.6
      },
      "geometry": {
        "type": "Polygon",
        "coordinates": [
          [
            [
              -1510.3577021182864,
              13701.24338522274
            ],
            [
              -1368.8328596068895,
              13448.251419446431
            ],
            [
              -1420.8983514968422,
              13356.351719215047
            ],
            [
              -1625.8003380637383,
              13414.30498482287
            ],
            [
              -1669.1049161088886,
              13618.783061573282
            ],
            [
              -1623.493641219684,
              13700.840088634286
            ],
            [
              -1510.3577021182864,
              13701.24338522274
            ]
          ]
        ]
      }
    },
    {
      "type": "Feature",
      "properties": {
        "id": "veg/169",
        "class": "grass",
        "area_m2": 1181257.33
      },
      "geometry": {
        "type": "Polygon",
        "coordinates": [
          [
            [
              -1119.83538287814,
              14815.720863889903
            ],
            [
              -1085.0669746171916,
              15010.20759266615
            ],
            [
              -1014.9955172307673,
              15078.234315823298
            ],
            [
              -775.9720168695785,
              15033.867297407705
            ],
            [
              -741.9941367362044,
              14738.754768908024
            ],
            [
              -558.8924353811308,
              14549.436419474427
            ],
            [
              -425.42005710478406,
              14548.140575230122
            ],
            [
              -273.9590262233396,
              14360.495656779036
            ],
            [
              -319.57901559973834,
              14268.939296484925
            ],
            [
              -315.0192780215875,
              14038.487134498544
            ],
            [
              -442.718763398414,
              13890.658029647544
            ],
            [
              -430.0154547500424,
              13658.342031387612
            ],
            [
              -638.7301957413438,
              13373.24479823839
            ],
            [
              -915.9662124752649,
              13534.14443121804
            ],
            [
              -1051.619030561007,
              13530.618233955931
            ],
            [
              -1223.3643244424602,
              13672.06306650117
            ],
            [
              -1216.6001816024655,
              13806.553691088688
            ],
            [
              -1377.998000880354,
              13909.641981607303
            ],
            [
              -1429.5243449306,
              14027.843914870638
            ],
            [
              -1411.0905166295124,
              14206.31259339163
            ],
            [
              -1210.448108662502,
              14541.313969098963
            ],
            [
              -1119.83538287814,
              14815.720863889903
            ]
          ]
        ]
      }
    },
    {
      "type": "Feature",
      "properties": {
        "id": "veg/170",
        "class": "grass",
        "area_m2": 291578.26
      },
      "geometry": {
        "type": "Polygon",
        "coordinates": [
          [
            [
              -750.9798150716233,
              15636.61881594127
            ],
            [
              -772.7261783584254,
              15834.145094730426
            ],
            [
              -727.651051345747,
              15917.110977983102
            ],
            [
              -616.6089269490913,
              15895.441961100325
            ],
            [
              -507.05873742495896,
              15636.884479218628
            ],
            [
              -423.53483416471863,
              15552.06829011999
            ],
            [
              -451.00760227715364,
              15255.791008803062
            ],
            [
              -770.3547590262024,
              15134.658786922693
            ],
            [
              -868.9505196206737,
              15218.918612390757
            ],
            [
              -1054.7905622022226,
              15286.121988349129
            ],
            [
              -1051.3434178303578,
              15527.407119133975
            ],
            [
              -879.4759653857909,
              15559.686565513257
            ],
            [
              -750.9798150716233,
              15636.61881594127
            ]
          ]
        ]
      }
    },
    {
      "type": "Feature",
      "properties": {
        "id": "veg/171",
        "class": "grass",
        "area_m2": 67796.41
      },
      "geometry": {
        "type": "Polygon",
        "coordinates": [
          [
            [
              -1311.761233210971,
              16547.455336669926
            ],
            [
              -1228.2468444311526,
              16465.428462826647
            ],
            [
              -1315.2544245613972,
              16268.009615162387
            ],
            [
              -1433.4902587610413,
              16215.92022515973
            ],
            [
              -1546.2376502171392,
              16319.238613553345
            ],
            [
              -1542.0057514238288,
              16405.106636017095
            ],
            [
              -1411.500752326334,
              16529.159159278963
            ],
            [
              -1311.761233210971,
              16547.455336669926
            ]
          ]
        ]
      }
    },
    {
      "type": "Feature",
      "properties": {
        "id": "veg/172",
        "class": "grass",
        "area_m2": 701107.33
      },
      "geometry": {
        "type": "Polygon",
        "coordinates": [
          [
            [
              -1359.1555485851713,
              18593.655941781122
            ],
            [
              -1199.2337006753078,
              18657.577272078022
            ],
            [
              -1113.9384575597942,
              18763.97022306174
            ],
            [
              -978.0876649762504,
              18784.412997458596
            ],
            [
              -893.0509427135112,
              18663.656291310675
            ],
            [
              -915.7104331013397,
              18414.979446372017
            ],
            [
              -701.5538689976092,
              18308.829762933776
            ],
            [
              -598.4424278512597,
              18350.833584050648
            ],
            [
              -580.6107569794403,
              18437.359591748565
            ],
            [
              -664.3870735701639,
              18543.08544358844
            ],
            [
              -558.6382465980714,
              18639.197414603084
            ],
            [
              -266.0244710218976,
              18474.165388309862
            ],
            [
              -241.61198556772433,
              18415.164424730465
            ],
            [
              -370.79279935732484,
              18151.6531026843
            ],
            [
              -384.61179608647944,
              18022.46191046294
            ],
            [
              -841.1865892683854,
              17883.008468454704
            ],
            [
              -962.269619693805,
              17800.64745869441
            ],
            [
              -1138.9680275659193,
              17871.330487005413
            ],
            [
              -1196.8577633991372,
              17944.400772823952
            ],
            [
              -1387.2150329662254,
              17960.50037499098
            ],
            [
              -1442.083117803617,
              18319.135967080016
            ],
            [
              -1378.2753624688485,
              18427.052485088352
            ],
            [
              -1359.1555485851713,
              18593.655941781122
            ]
          ]
        ]
      }
    },
    {
      "type": "Feature",
      "properties": {
        "id": "veg/173",
        "class": "grass",
        "area_m2": 509811.92
      },
      "geometry": {
        "type": "Polygon",
        "coordinates": [
          [
            [
              -1886.802015885245,
              17282.361106780358
            ],
            [
              -1803.7416146093165,
              17386.258778307587
            ],
            [
              -1644.6413609980955,
              17380.776928662322
            ],
            [
              -1448.1191583988839,
              17540.68843450118
            ],
            [
              -1256.0804808444227,
              17416.204596950673
            ],
            [
              -1277.759812511562,
              17300.44313890394
            ],
            [
              -1198.7616606414667,
              17122.564723558724
            ],
            [
              -1180.340213498508,
              16943.20458062738
            ],
            [
              -1218.3757192565827,
              16828.044119302183
            ],
            [
              -1403.3125743899727,
              16816.77388696652
            ],
            [
              -1506.3806314264075,
              16755.061173912603
            ],
            [
              -1856.3644487609272,
              16853.807174799964
            ],
            [
              -1947.265320313687,
              16801.708513491787
            ],
            [
              -2077.3716765720164,
              16857.590862423647
            ],
            [
              -2124.520457577484,
              17038.50096130697
            ],
            [
              -2086.1856467613834,
              17270.867991224863
            ],
            [
              -1886.802015885245,
              17282.361106780358
            ]
          ]
        ]
      }
    },
    {
      "type": "Feature",
      "properties": {
        "id": "veg/174",
        "class": "grass",
        "area_m2": 339298.63
      },
      "geometry": {
        "type": "Polygon",
        "coordinates": [
          [
            [
              -927.0529433508054,
              -23626.78576621646
            ],
            [
              -874.6443636197364,
              -23517.118458662648
            ],
            [
              -578.3609861659352,
              -23340.31496689748
            ],
            [
              -378.24679725727765,
              -23394.00102428114
            ],
            [
              -310.4346416031476,
              -23468.699955786113
            ],
            [
              -395.6230393630103,
              -23673.263624876272
            ],
            [
              -465.9803373173345,
              -23707.97678161552
            ],
            [
              -473.77070953702787,
              -23708.38747297041
            ],
            [
              -474.6305811656639,
              -23712.24467249913
            ],
            [
              -529.8679022741853,
              -23739.497876378242
            ],
            [
              -532.8649039820302,
              -23738.36619617138
            ],
            [
              -534.8444575342,
              -23741.95322852768
            ],
            [
              -545.6381164508639,
              -23747.27864585677
            ],
            [
              -725.8941744336043,
              -24080.32411432173
            ],
            [
              -763.4776109902887,
              -24109.96004767297
            ],
            [
              -784.0524491718388,
              -24107.56528537767
            ],
            [
              -808.474575235392,
              -24116.732962876093
            ],
            [
              -815.6396235913271,
              -24151.091728821397
            ],
            [
              -922.3996345924679,
              -24235.27595624933
            ],
            [
              -1074.3817971679964,
              -24222.7266014684
            ],
            [
              -1116.1693084462313,
              -24112.964942693245
            ],
            [
              -1036.925555869937,
              -23943.006902749185
            ],
            [
              -903.3047739487374,
              -23838.73930414114
            ],
            [
              -927.0529433508054,
              -23626.78576621646
            ]
          ]
        ]
      }
    },
    {
      "type": "Feature",
      "properties": {
        "id": "veg/175",
        "class": "grass",
        "area_m2": 33557.5
      },
      "geometry": {
        "type": "Polygon",
        "coordinates": [
          [
            [
              98.57899848843226,
              -12623.092912889551
            ],
            [
              10.965446343820076,
              -12688.566347860266
            ],
            [
              -130.47456240467727,
              -12609.755894189235
            ],
            [
              -95.85643914580578,
              -12461.047375464812
            ],
            [
              46.080045329988934,
              -12494.860777236521
            ],
            [
              98.57899848843226,
              -12623.092912889551
            ]
          ]
        ]
      }
    },
    {
      "type": "Feature",
      "properties": {
        "id": "veg/176",
        "class": "grass",
        "area_m2": 44403.9
      },
      "geometry": {
        "type": "Polygon",
        "coordinates": [
          [
            [
              24.6444541340461,
              -12069.565301389433
            ],
            [
              118.94210135628236,
              -12132.078424873296
            ],
            [
              94.12518857372925,
              -12284.001171628013
            ],
            [
              3.737204453907907,
              -12353.191353914794
            ],
            [
              -127.52959678450134,
              -12232.7939057271
            ],
            [
              -84.4413599135587,
              -12127.480160764884
            ],
            [
              24.6444541340461,
              -12069.565301389433
            ]
          ]
        ]
      }
    },
    {
      "type": "Feature",
      "properties": {
        "id": "veg/177",
        "class": "grass",
        "area_m2": 53379.18
      },
      "geometry": {
        "type": "Polygon",
        "coordinates": [
          [
            [
              -274.6953483215184,
              -12013.395194400102
            ],
            [
              -153.42340091231745,
              -12150.184246070217
            ],
            [
              -218.51853262196528,
              -12251.618604346644
            ],
            [
              -371.6599295058986,
              -12202.912342296913
            ],
            [
              -493.2400742676691,
              -12046.82727451995
            ],
            [
              -443.1930935814744,
              -11976.79979626229
            ],
            [
              -274.6953483215184,
              -12013.395194400102
            ]
          ]
        ]
      }
    },
    {
      "type": "Feature",
      "properties": {
        "id": "veg/178",
        "class": "grass",
        "area_m2": 552061.92
      },
      "geometry": {
        "type": "Polygon",
        "coordinates": [
          [
            [
              636.6833698080154,
              -11451.559859288856
            ],
            [
              765.668343234167,
              -11348.41453132499
            ],
            [
              820.8268485103617,
              -11359.455671892036
            ],
            [
              821.9186728324858,
              -11362.072230803315
            ],
            [
              849.7178204034572,
              -11368.12699203752
            ],
            [
              852.296877286979,
              -11365.755063248798
            ],
            [
              1023.3222041375702,
              -11399.989396917634
            ],
            [
              1248.640250307566,
              -11206.108588897157
            ],
            [
              1438.1395812675473,
              -11278.503955775406
            ],
            [
              1569.4110097277444,
              -11410.502221412025
            ],
            [
              1692.2486190263298,
              -11666.275776101276
            ],
            [
              1659.4544382913155,
              -11993.548581226729
            ],
            [
              1545.3976828391314,
              -12005.993050339632
            ],
            [
              1496.4622615011176,
              -11752.020898190327
            ],
            [
              1256.822542565933,
              -11730.392995662056
            ],
            [
              1174.6488410921884,
              -11664.658614825457
            ],
            [
              966.8161207907833,
              -11670.463784209918
            ],
            [
              876.7203814293607,
              -11829.36689551454
            ],
            [
              684.3649919481832,
              -11899.168487887364
            ],
            [
              405.426486253622,
              -11652.100519146305
            ],
            [
              285.3130412901519,
              -11598.11755765928
            ],
            [
              303.9060716210515,
              -11402.341098572128
            ],
            [
              526.364799932111,
              -11471.95163489459
            ],
            [
              636.6833698080154,
              -11451.559859288856
            ]
          ]
        ]
      }
    },
    {
      "type": "Feature",
      "properties": {
        "id": "veg/179",
        "class": "grass",
        "area_m2": 1221187.28
      },
      "geometry": {
        "type": "Polygon",
        "coordinates": [
          [
            [
              -428.23187353712274,
              1726.032583172433
            ],
            [
              -431.4463291033753,
              1746.484762318898
            ],
            [
              -415.5057126361062,
              1884.0020853490569
            ],
            [
              -214.4512169349473,
              1909.8313342472538
            ],
            [
              10.926292601157911,
              1971.4526309603825
            ],
            [
              14.67417276208289,
              1964.6153902048245
            ],
            [
              32.81573071540333,
              1961.4479542961344
            ],
            [
              60.17367007455323,
              1971.3488800125197
            ],
            [
              84.79618646681774,
              1980.708274422679
            ],
            [
              121.55531417927705,
              1995.0070552802645
            ],
            [
              132.72007192659657,
              2004.7527176863514
            ],
            [
              177.87117592571303,
              2017.0976476757787
            ],
            [
              328.69748024456203,
              2217.4587424253114
            ],
            [
              455.4822526104981,
              2292.4678219165653
            ],
            [
              657.6000719424919,
              2320.3304131543264
            ],
            [
              692.2120418068371,
              2315.9084115368314
            ],
            [
              721.1758549436927,
              2329.094539247453
            ],
            [
              783.0347386915819,
              2337.621985259
            ],
            [
              973.3068435877794,
              2291.4290770743974
            ],
            [
              1082.52115393657,
              2325.5085233794525
            ],
            [
              1105.6447416263982,
              2353.2327285176143
            ],
            [
              1128.1897156457999,
              2365.270508254878
            ],
            [
              1153.4507311467896,
              2392.0321218199097
            ],
            [
              1167.7610672258306,
              2424.644517177716
            ],
            [
              1169.8540137547534,
              2430.216934262775
            ],
            [
              1243.8962111507426,
              2518.990402162075
            ],
            [
              1301.3988553708768,
              2522.030978161376
            ],
            [
              1685.9192280050484,
              2279.7589008589275
            ],
            [
              1686.5269843089045,
              2278.8679002420977
            ],
            [
              1692.1323864267324,
              2275.8442193372175
            ],
            [
              1759.4891975736246,
              2233.405181724578
            ],
            [
              1764.544726072112,
              2116.022530575283
            ],
            [
              1617.4449828452198,
              2079.3174468744546
            ],
            [
              1493.6379147727857,
              2154.1759605295956
            ],
            [
              1299.6886123840231,
              2141.5129308323376
            ],
            [
              1261.6768043381162,
              2004.0099923545495
            ],
            [
              1087.031623451563,
              1935.1167670423165
            ],
            [
              957.7888047093875,
              1818.9726973338984
            ],
            [
              929.3047005267581,
              1727.2589736664668
            ],
            [
              796.1484539791709,
              1604.138708397746
            ],
            [
              573.5115397660993,
              1523.9531791955233
            ],
            [
              499.3035904264543,
              1378.9832970574498
            ],
            [
              304.91672506561736,
              1301.8570819958113
            ],
            [
              214.67777215817478,
              1388.951315770857
            ],
            [
              110.43213459855178,
              1390.2431920627132
            ],
            [
              22.74487719940953,
              1476.391180865001
            ],
            [
              -151.19261496147374,
              1461.2073522605933
            ],
            [
              -252.0280247250339,
              1350.5377060775645
            ],
            [
              -468.036300936772,
              1297.3796815904789
            ],
            [
              -547.258117324207,
              1383.531826309394
            ],
            [
              -455.30931277998025,
              1540.6223578462377
            ],
            [
              -435.76377992809284,
              1709.2387573760934
            ],
            [
              -428.23187353712274,
              1726.032583172433
            ]
          ]
        ]
      }
    },
    {
      "type": "Feature",
      "properties": {
        "id": "veg/180",
        "class": "grass",
        "area_m2": 124648.54
      },
      "geometry": {
        "type": "Polygon",
        "coordinates": [
          [
            [
              5185.032646960986,
              4108.591545684263
            ],
            [
              5258.120835315494,
              4084.8083528736606
            ],
            [
              5336.206782510912,
              3824.4717139895074
            ],
            [
              5271.733736188267,
              3735.1272503309883
            ],
            [
              4975.310958231625,
              3691.7392796366476
            ],
            [
              4892.762108199589,
              3818.0108274025843
            ],
            [
              5032.983168037492,
              4042.7680387077853
            ],
            [
              5185.032646960986,
              4108.591545684263
            ]
          ]
        ]
      }
    },
    {
      "type": "Feature",
      "properties": {
        "id": "veg/181",
        "class": "grass",
        "area_m2": 53437.03
      },
      "geometry": {
        "type": "Polygon",
        "coordinates": [
          [
            [
              5184.684770087828,
              4729.5284735769965
            ],
            [
              5204.0876898224815,
              4523.947435976006
            ],
            [
              5152.890243952919,
              4430.428916145582
            ],
            [
              4980.14158307598,
              4500.773379242513
            ],
            [
              5010.539551139111,
              4677.28404951375
            ],
            [
              5095.338132848963,
              4768.63637779979
            ],
            [
              5184.684770087828,
              4729.5284735769965
            ]
          ]
        ]
      }
    },
    {
      "type": "Feature",
      "properties": {
        "id": "veg/182",
        "class": "grass",
        "area_m2": 27821.72
      },
      "geometry": {
        "type": "Polygon",
        "coordinates": [
          [
            [
              4755.294054261176,
              6222.962249126751
            ],
            [
              4784.004377100326,
              6059.56310119573
            ],
            [
              4688.366555591114,
              6018.053943817969
            ],
            [
              4588.23974563682,
              6158.069236063864
            ],
            [
              4648.918215300015,
              6235.136845696252
            ],
            [
              4755.294054261176,
              6222.962249126751
            ]
          ]
        ]
      }
    },
    {
      "type": "Feature",
      "properties": {
        "id": "veg/183",
        "class": "grass",
        "area_m2": 74231.97
      },
      "geometry": {
        "type": "Polygon",
        "coordinates": [
          [
            [
              2485.597560329188,
              6715.047261223663
            ],
            [
              2510.0667474005604,
              6743.292542662937
            ],
            [
              2522.1690359012573,
              6762.224455163814
            ],
            [
              2559.1937989133294,
              6809.9665179499425
            ],
            [
              2672.728167768335,
              6790.066480932757
            ],
            [
              2813.5648515303037,
              6550.164552809671
            ],
            [
              2725.4474289211794,
              6453.977578352671
            ],
            [
              2513.920616788033,
              6548.301476589404
            ],
            [
              2474.7228435789,
              6701.044344650116
            ],
            [
              2485.57971538906,
              6715.043879379053
            ],
            [
              2485.597560329188,
              6715.047261223663
            ]
          ]
        ]
      }
    },
    {
      "type": "Feature",
      "properties": {
        "id": "veg/184",
        "class": "grass",
        "area_m2": 372303.74
      },
      "geometry": {
        "type": "Polygon",
        "coordinates": [
          [
            [
              2629.234720697219,
              7240.465432431083
            ],
            [
              2902.0781304578413,
              7100.506421529222
            ],
            [
              3145.7064175693667,
              7007.807680749334
            ],
            [
              3223.0778154761647,
              6914.268364961259
            ],
            [
              3223.060221261927,
              6914.182412285823
            ],
            [
              3222.650086598762,
              6913.731792958453
            ],
            [
              3222.8055315778474,
              6912.938181687612
            ],
            [
              3179.1454721133923,
              6699.646535775624
            ],
            [
              3242.810662461852,
              6579.740252783988
            ],
            [
              3196.820822470414,
              6436.732413839083
            ],
            [
              3045.9358416544856,
              6328.335492700338
            ],
            [
              2959.2361146822223,
              6345.751528729685
            ],
            [
              2625.2988023976795,
              6877.492148417514
            ],
            [
              2503.243071436067,
              7106.265026205685
            ],
            [
              2528.090859111515,
              7200.642263814807
            ],
            [
              2629.234720697219,
              7240.465432431083
            ]
          ]
        ]
      }
    },
    {
      "type": "Feature",
      "properties": {
        "id": "veg/185",
        "class": "grass",
        "area_m2": 382205.22
      },
      "geometry": {
        "type": "Polygon",
        "coordinates": [
          [
            [
              1964.2833018776146,
              7856.977941532619
            ],
            [
              2094.0881353325676,
              7922.690269197803
            ],
            [
              2229.347070183372,
              8087.789879485965
            ],
            [
              2354.882428243349,
              8039.952035332564
            ],
            [
              2358.19655328145,
              7911.214633077383
            ],
            [
              2488.282778478577,
              7800.35334613407
            ],
            [
              2373.798128628463,
              7398.684515694622
            ],
            [
              2160.266954315244,
              7265.047355921473
            ],
            [
              1971.5351094027865,
              7345.588342494331
            ],
            [
              1761.1922408286482,
              7547.190457793418
            ],
            [
              1747.5542945596972,
              7771.157295899931
            ],
            [
              1827.165549411613,
              7859.855459820479
            ],
            [
              1964.2833018776146,
              7856.977941532619
            ]
          ]
        ]
      }
    },
    {
      "type": "Feature",
      "properties": {
        "id": "veg/186",
        "class": "grass",
        "area_m2": 20723.61
      },
      "geometry": {
        "type": "Polygon",
        "coordinates": [
          [
            [
              2608.4958889228874,
              8177.968490383122
            ],
            [
              2573.968120643054,
              8097.482949671801
            ],
            [
              2440.3040860480396,
              8115.582158660982
            ],
            [
              2408.780838279112,
              8190.577921213582
            ],
            [
              2496.1763383374782,
              8262.590358066838
            ],
            [
              2608.4958889228874,
              8177.968490383122
            ]
          ]
        ]
      }
    },
    {
      "type": "Feature",
      "properties": {
        "id": "veg/187",
        "class": "grass",
        "area_m2": 27115.54
      },
      "geometry": {
        "type": "Polygon",
        "coordinates": [
          [
            [
              4276.3896053468925,
              11661.456572066527
            ],
            [
              4226.088016426889,
              11517.964362862986
            ],
            [
              4141.272072268359,
              11513.461364840623
            ],
            [
              4064.2284114009817,
              11619.269912173972
            ],
            [
              4140.174306002678,
              11712.5592818195
            ],
            [
              4276.3896053468925,
              11661.456572066527
            ]
          ]
        ]
      }
    },
    {
      "type": "Feature",
      "properties": {
        "id": "veg/188",
        "class": "grass",
        "area_m2": 78663.46
      },
      "geometry": {
        "type": "Polygon",
        "coordinates": [
          [
            [
              4588.360970642767,
              11952.738799152896
            ],
            [
              4647.289398710243,
              11741.939355631825
            ],
            [
              4584.965526407934,
              11615.828703670297
            ],
            [
              4417.669283539581,
              11616.801937836688
            ],
            [
              4370.513227007643,
              11715.48926283326
            ],
            [
              4406.2354562089895,
              11925.747291593812
            ],
            [
              4500.259444894909,
              11996.646804147866
            ],
            [
              4588.360970642767,
              11952.738799152896
            ]
          ]
        ]
      }
    },
    {
      "type": "Feature",
      "properties": {
        "id": "veg/189",
        "class": "grass",
        "area_m2": 65865.21
      },
      "geometry": {
        "type": "Polygon",
        "coordinates": [
          [
            [
              4077.15445485065,
              12115.5586616355
            ],
            [
              4179.592498601531,
              12007.74314398691
            ],
            [
              4136.802900736977,
              11867.76404944947
            ],
            [
              3982.0186640520114,
              11865.893204974476
            ],
            [
              3849.2609100854606,
              12029.279900823254
            ],
            [
              3867.16033259494,
              12148.48889735248
            ],
            [
              4077.15445485065,
              12115.5586616355
            ]
          ]
        ]
      }
    },
    {
      "type": "Feature",
      "properties": {
        "id": "veg/190",
        "class": "grass",
        "area_m2": 34012.24
      },
      "geometry": {
        "type": "Polygon",
        "coordinates": [
          [
            [
              5293.5820657684235,
              12286.14998303214
            ],
            [
              5395.566690680338,
              12169.939051788766
            ],
            [
              5322.786578920321,
              12046.583487916738
            ],
            [
              5173.617583617743,
              12108.577794427518
            ],
            [
              5178.878129530174,
              12225.237422595266
            ],
            [
              5293.5820657684235,
              12286.14998303214
            ]
          ]
        ]
      }
    },
    {
      "type": "Feature",
      "properties": {
        "id": "veg/191",
        "class": "grass",
        "area_m2": 37462.31
      },
      "geometry": {
        "type": "Polygon",
        "coordinates": [
          [
            [
              4976.785258392163,
              12198.132254408672
            ],
            [
              5055.221514330478,
              12110.757852547802
            ],
            [
              4949.779995671823,
              11979.932983883657
            ],
            [
              4842.716952424846,
              12022.141621463466
            ],
            [
              4789.699999313103,
              12118.215610057581
            ],
            [
              4851.071185416076,
              12191.139563579112
            ],
            [
              4976.785258392163,
              12198.132254408672
            ]
          ]
        ]
      }
    },
    {
      "type": "Feature",
      "properties": {
        "id": "veg/192",
        "class": "grass",
        "area_m2": 126505.95
      },
      "geometry": {
        "type": "Polygon",
        "coordinates": [
          [
            [
              4231.410734966805,
              16063.605554050766
            ],
            [
              4258.438574755855,
              16074.545753526501
            ],
            [
              4278.9751949310885,
              16097.680134528317
            ],
            [
              4302.52446642454,
              16114.550536237657
            ],
            [
              4302.4226161525,
              16124.093515669927
            ],
            [
              4312.148520546616,
              16135.049689369276
            ],
            [
              4302.089808095188,
              16155.276352820452
            ],
            [
              4300.425407228759,
              16311.224323506001
            ],
            [
              4413.9620184006635,
              16354.971529254224
            ],
            [
              4485.314004059357,
              16290.545610875823
            ],
            [
              4530.514162786538,
              16161.006927017123
            ],
            [
              4521.780392026994,
              16159.284548365511
            ],
            [
              4519.981885025918,
              16152.24493309157
            ],
            [
              4528.722822347656,
              16135.357598892879
            ],
            [
              4543.692501119862,
              16123.239258689806
            ],
            [
              4572.464950172405,
              16040.780584061053
            ],
            [
              4513.37459472433,
              15881.326577314641
            ],
            [
              4301.144777205482,
              15913.780659981072
            ],
            [
              4245.181665194104,
              15859.378031079657
            ],
            [
              4121.312750309298,
              15914.504502475727
            ],
            [
              4150.109190772579,
              16005.362151042558
            ],
            [
              4231.410734966805,
              16063.605554050766
            ]
          ]
        ]
      }
    },
    {
      "type": "Feature",
      "properties": {
        "id": "veg/193",
        "class": "grass",
        "area_m2": 112215.66
      },
      "geometry": {
        "type": "Polygon",
        "coordinates": [
          [
            [
              -780.1489920287277,
              17858.148528846446
            ],
            [
              -542.8751672944054,
              17927.76456449041
            ],
            [
              -444.4309510998428,
              17898.45355873136
            ],
            [
              -388.75129499222385,
              17784.44495036779
            ],
            [
              -494.4762561695534,
              17633.667084849905
            ],
            [
              -605.7327766160597,
              17591.677035605535
            ],
            [
              -820.1736738754553,
              17615.698463783134
            ],
            [
              -848.4687244666275,
              17778.466157902032
            ],
            [
              -780.1489920287277,
              17858.148528846446
            ]
          ]
        ]
      }
    },
    {
      "type": "Feature",
      "properties": {
        "id": "veg/194",
        "class": "grass",
        "area_m2": 29894.79
      },
      "geometry": {
        "type": "Polygon",
        "coordinates": [
          [
            [
              1119.0256261887262,
              17754.747272280976
            ],
            [
              1042.5207698391168,
              17592.292457104195
            ],
            [
              952.5981696680537,
              17590.160513208248
            ],
            [
              919.0565163335414,
              17756.06810555514
            ],
            [
              1018.9947119136341,
              17816.478646218777
            ],
            [
              1119.0256261887262,
              17754.747272280976
            ]
          ]
        ]
      }
    },
    {
      "type": "Feature",
      "properties": {
        "id": "veg/195",
        "class": "grass",
        "area_m2": 54719.35
      },
      "geometry": {
        "type": "Polygon",
        "coordinates": [
          [
            [
              225.48002542473841,
              17668.327834287193
            ],
            [
              166.65131377027137,
              17630.406588026788
            ],
            [
              -27.770096976251807,
              17677.652556756046
            ],
            [
              -85.04002498486079,
              17740.375417042524
            ],
            [
              -52.937709277146496,
              17892.240719574038
            ],
            [
              172.3468995417934,
              17834.85140232742
            ],
            [
              225.48002542473841,
              17668.327834287193
            ]
          ]
        ]
      }
    },
    {
      "type": "Feature",
      "properties": {
        "id": "veg/196",
        "class": "grass",
        "area_m2": 23222.01
      },
      "geometry": {
        "type": "Polygon",
        "coordinates": [
          [
            [
              -149.7766194170108,
              17763.904221308418
            ],
            [
              -212.80178440210875,
              17700.74797501648
            ],
            [
              -335.1754379577469,
              17765.98376302654
            ],
            [
              -342.9395641445881,
              17861.790807510726
            ],
            [
              -240.61862509755883,
              17897.209822171368
            ],
            [
              -149.7766194170108,
              17763.904221308418
            ]
          ]
        ]
      }
    },
    {
      "type": "Feature",
      "properties": {
        "id": "veg/197",
        "class": "grass",
        "area_m2": 39036.14
      },
      "geometry": {
        "type": "Polygon",
        "coordinates": [
          [
            [
              1455.1780726176803,
              17937.095729026478
            ],
            [
              1463.7252714553033,
              17800.666162159294
            ],
            [
              1362.8885438154102,
              17769.661497012246
            ],
            [
              1216.3215611611959,
              17939.465930805076
            ],
            [
              1304.105386900308,
              18038.398107112385
            ],
            [
              1455.1780726176803,
              17937.095729026478
            ]
          ]
        ]
      }
    },
    {
      "type": "Feature",
      "properties": {
        "id": "veg/198",
        "class": "grass",
        "area_m2": 20831.2
      },
      "geometry": {
        "type": "Polygon",
        "coordinates": [
          [
            [
              1143.2318414843176,
              17924.400811912026
            ],
            [
              1028.765463710879,
              17932.394332942087
            ],
            [
              992.5793091314845,
              18046.587480493356
            ],
            [
              1170.331878867757,
              18094.123290516436
            ],
            [
              1143.2318414843176,
              17924.400811912026
            ]
          ]
        ]
      }
    },
    {
      "type": "Feature",
      "properties": {
        "id": "veg/199",
        "class": "grass",
        "area_m2": 24893.3
      },
      "geometry": {
        "type": "Polygon",
        "coordinates": [
          [
            [
              1736.0843252261984,
              18123.647833975032
            ],
            [
              1623.7032987444545,
              18083.32003041031
            ],
            [
              1560.4917062011082,
              18177.15146809537
            ],
            [
              1597.1916533159674,
              18263.988774243742
            ],
            [
              1715.9386108481558,
              18284.26281719422
            ],
            [
              1736.0843252261984,
              18123.647833975032
            ]
          ]
        ]
      }
    },
    {
      "type": "Feature",
      "properties": {
        "id": "veg/200",
        "class": "grass",
        "area_m2": 56460.02
      },
      "geometry": {
        "type": "Polygon",
        "coordinates": [
          [
            [
              191.60633952560602,
              18246.557286729105
            ],
            [
              74.53288013726706,
              18153.66511271661
            ],
            [
              -93.2340976097621,
              18209.979863684624
            ],
            [
              -130.45488684502197,
              18316.785484845284
            ],
            [
              4.846303321537562,
              18436.974175015464
            ],
            [
              169.3967853669892,
              18326.755592571106
            ],
            [
              191.60633952560602,
              18246.557286729105
            ]
          ]
        ]
      }
    },
    {
      "type": "Feature",
      "properties": {
        "id": "veg/201",
        "class": "grass",
        "area_m2": 238804.46
      },
      "geometry": {
        "type": "Polygon",
        "coordinates": [
          [
            [
              -556.4573919613613,
              19906.66700083064
            ],
            [
              -315.63918778818334,
              19943.66931072483
            ],
            [
              -208.59774418437155,
              19922.478188661393
            ],
            [
              -160.10810726170894,
              19812.32015135279
            ],
            [
              -246.19691442133626,
              19478.5216162554
            ],
            [
              -552.3477989417734,
              19420.015802857466
            ],
            [
              -728.525305880059,
              19587.15907285502
            ],
            [
              -778.2270436315448,
              19731.762738307938
            ],
            [
              -747.3959830274107,
              19819.183191480115
            ],
            [
              -556.4573919613613,
              19906.66700083064
            ]
          ]
        ]
      }
    },
    {
      "type": "Feature",
      "properties": {
        "id": "veg/202",
        "class": "grass",
        "area_m2": 133115.96
      },
      "geometry": {
        "type": "Polygon",
        "coordinates": [
          [
            [
              3700.820411337656,
              20324.700594817754
            ],
            [
              3852.6488258766476,
              20283.702609500848
            ],
            [
              3943.4728856136207,
              20331.244729119353
            ],
            [
              4055.0984584101243,
              20264.896058970597
            ],
            [
              4032.448013884772,
              20133.87060978543
            ],
            [
              3958.7278930189786,
              20084.154280547053
            ],
            [
              3648.9047344750143,
              20101.42012957856
            ],
            [
              3456.0080401484156,
              19960.478971870616
            ],
            [
              3398.6783733688644,
              20069.104395555332
            ],
            [
              3486.14596374589,
              20238.13167729741
            ],
            [
              3700.820411337656,
              20324.700594817754
            ]
          ]
        ]
      }
    },
    {
      "type": "Feature",
      "properties": {
        "id": "veg/203",
        "class": "grass",
        "area_m2": 306648.45
      },
      "geometry": {
        "type": "Polygon",
        "coordinates": [
          [
            [
              3986.3640488014207,
              21055.01053557545
            ],
            [
              4118.04197985481,
              20935.102452049963
            ],
            [
              4295.228013279499,
              21013.181047885213
            ],
            [
              4351.889132156677,
              20989.974951304495
            ],
            [
              4420.713125533366,
              20774.47308038827
            ],
            [
              3929.507070228865,
              20494.618058617227
            ],
            [
              3823.463666182128,
              20552.7092107879
            ],
            [
              3814.9687896537944,
              20663.76671288861
            ],
            [
              3700.0048281087074,
              20738.959624079056
            ],
            [
              3628.3938262729207,
              20855.98608268285
            ],
            [
              3645.1644316714955,
              21071.714991342276
            ],
            [
              3798.119270132738,
              21162.08751544496
            ],
            [
              3986.3640488014207,
              21055.01053557545
            ]
          ]
        ]
      }
    },
    {
      "type": "Feature",
      "properties": {
        "id": "veg/204",
        "class": "grass",
        "area_m2": 96210.02
      },
      "geometry": {
        "type": "Polygon",
        "coordinates": [
          [
            [
              4417.429445489426,
              21624.282896849327
            ],
            [
              4434.243680838204,
              21443.778137257323
            ],
            [
              4381.276657923241,
              21354.29792439053
            ],
            [
              4271.506028413947,
              21360.02418555366
            ],
            [
              4220.333184547897,
              21474.468390533235
            ],
            [
              4085.9667177168885,
              21532.208425882738
            ],
            [
              4098.129394673393,
              21697.285124495625
            ],
            [
              4306.412440770655,
              21762.97842971282
            ],
            [
              4417.429445489426,
              21624.282896849327
            ]
          ]
        ]
      }
    },
    {
      "type": "Feature",
      "properties": {
        "id": "veg/205",
        "class": "grass",
        "area_m2": 342052.2
      },
      "geometry": {
        "type": "Polygon",
        "coordinates": [
          [
            [
              3009.0751741928398,
              21350.436568428762
            ],
            [
              3076.9840114905383,
              21432.191418134607
            ],
            [
              3241.3965621909592,
              21475.245946874842
            ],
            [
              3509.2083135296125,
              21620.094720025547
            ],
            [
              3636.341244230105,
              21563.65859177569
            ],
            [
              3640.151492048928,
              21327.589100884274
            ],
            [
              3565.2883894377155,
              21175.10556519311
            ],
            [
              3351.9010228961706,
              20992.25032465579
            ],
            [
              3305.1574298487394,
              20822.466494888067
            ],
            [
              3211.819210098649,
              20758.03520137351
            ],
            [
              3061.290402698156,
              20837.13864767831
            ],
            [
              3055.295135130873,
              20983.812504099216
            ],
            [
              2977.6804545902996,
              21076.72527824156
            ],
            [
              3036.1543574864627,
              21246.764976869803
            ],
            [
              3009.0751741928398,
              21350.436568428762
            ]
          ]
        ]
      }
    },
    {
      "type": "Feature",
      "properties": {
        "id": "veg/206",
        "class": "grass",
        "area_m2": 161848.74
      },
      "geometry": {
        "type": "Polygon",
        "coordinates": [
          [
            [
              4581.243444629712,
              21537.013391877525
            ],
            [
              4659.962829327211,
              21689.18962945463
            ],
            [
              4864.290824070049,
              21927.567789094057
            ],
            [
              4969.398003661132,
              21866.03896910511
            ],
            [
              4910.295194771665,
              21597.747243911494
            ],
            [
              4735.080830351741,
              21487.012362360023
            ],
            [
              4718.540859849541,
              21310.329682659823
            ],
            [
              4587.907931557915,
              21215.90761890309
            ],
            [
              4430.948055619374,
              21246.618551430758
            ],
            [
              4409.9542568451725,
              21350.00396318594
            ],
            [
              4581.243444629712,
              21537.013391877525
            ]
          ]
        ]
      }
    },
    {
      "type": "Feature",
      "properties": {
        "id": "veg/207",
        "class": "grass",
        "area_m2": 25305.31
      },
      "geometry": {
        "type": "Polygon",
        "coordinates": [
          [
            [
              3103.313834844157,
              26067.248447795864
            ],
            [
              2981.6245177981327,
              26098.645360064227
            ],
            [
              2974.5666259508,
              26215.092340676114
            ],
            [
              3046.756740228622,
              26270.394311820623
            ],
            [
              3148.913478485716,
              26237.088103991933
            ],
            [
              3103.313834844157,
              26067.248447795864
            ]
          ]
        ]
      }
    },
    {
      "type": "Feature",
      "properties": {
        "id": "veg/208",
        "class": "grass",
        "area_m2": 37390.12
      },
      "geometry": {
        "type": "Polygon",
        "coordinates": [
          [
            [
              3183.3968102573417,
              27001.63698792737
            ],
            [
              3080.689709004364,
              26869.209003264084
            ],
            [
              2997.991930103395,
              26906.20837389119
            ],
            [
              2982.5135022885515,
              27102.27052158909
            ],
            [
              3127.240998103458,
              27140.28379934514
            ],
            [
              3183.3968102573417,
              27001.63698792737
            ]
          ]
        ]
      }
    },
    {
      "type": "Feature",
      "properties": {
        "id": "veg/209",
        "class": "grass",
        "area_m2": 95976.75
      },
      "geometry": {
        "type": "Polygon",
        "coordinates": [
          [
            [
              5947.594048719038,
              4153.45233395556
            ],
            [
              5986.1431730585755,
              3924.6129039209336
            ],
            [
              5781.32452784176,
              3842.963679061737
            ],
            [
              5566.111141718575,
              3894.2452665376477
            ],
            [
              5537.924790236633,
              3975.572492030449
            ],
            [
              5659.96342077374,
              4073.2121267374605
            ],
            [
              5883.742310217349,
              4170.283896483947
            ],
            [
              5947.594048719038,
              4153.45233395556
            ]
          ]
        ]
      }
    },
    {
      "type": "Feature",
      "properties": {
        "id": "veg/210",
        "class": "grass",
        "area_m2": 134695.19
      },
      "geometry": {
        "type": "Polygon",
        "coordinates": [
          [
            [
              6724.029436957382,
              5448.158570293803
            ],
            [
              6830.736459421052,
              5487.010202865116
            ],
            [
              6888.305730147113,
              5385.44026233675
            ],
            [
              6853.095932787808,
              5301.586764667649
            ],
            [
              6860.0764893947635,
              5024.853119082749
            ],
            [
              6619.475785339193,
              4936.819434707519
            ],
            [
              6489.103483296116,
              5090.970346273854
            ],
            [
              6532.0661775899935,
              5240.166260073893
            ],
            [
              6648.294055249484,
              5310.505962380208
            ],
            [
              6724.029436957382,
              5448.158570293803
            ]
          ]
        ]
      }
    },
    {
      "type": "Feature",
      "properties": {
        "id": "veg/211",
        "class": "grass",
        "area_m2": 94297.55
      },
      "geometry": {
        "type": "Polygon",
        "coordinates": [
          [
            [
              5845.6286718858755,
              5156.090289621148
            ],
            [
              5577.58878058102,
              5049.7313729301095
            ],
            [
              5343.885109959461,
              5174.7586574126035
            ],
            [
              5412.0024564361665,
              5312.091695347335
            ],
            [
              5869.136508152587,
              5286.113479398657
            ],
            [
              5845.6286718858755,
              5156.090289621148
            ]
          ]
        ]
      }
    },
    {
      "type": "Feature",
      "properties": {
        "id": "veg/212",
        "class": "grass",
        "area_m2": 47991.32
      },
      "geometry": {
        "type": "Polygon",
        "coordinates": [
          [
            [
              6118.858952050097,
              5750.904802747071
            ],
            [
              6148.038820634014,
              5642.35384521028
            ],
            [
              6085.00493553112,
              5481.156745000742
            ],
            [
              5935.259338447999,
              5448.159999755677
            ],
            [
              5914.841920464998,
              5544.730475033168
            ],
            [
              5995.827094113338,
              5730.722427015193
            ],
            [
              6118.858952050097,
              5750.904802747071
            ]
          ]
        ]
      }
    },
    {
      "type": "Feature",
      "properties": {
        "id": "veg/213",
        "class": "grass",
        "area_m2": 69297.99
      },
      "geometry": {
        "type": "Polygon",
        "coordinates": [
          [
            [
              6494.220891628473,
              6198.464014126919
            ],
            [
              6698.4158552500885,
              6162.658230586443
            ],
            [
              6723.995589912694,
              5967.881700906437
            ],
            [
              6542.566888008907,
              5905.947755524889
            ],
            [
              6410.280479290232,
              5980.029029013123
            ],
            [
              6402.020505104854,
              6060.511475397274
            ],
            [
              6494.220891628473,
              6198.464014126919
            ]
          ]
        ]
      }
    },
    {
      "type": "Feature",
      "properties": {
        "id": "veg/214",
        "class": "grass",
        "area_m2": 325281.5
      },
      "geometry": {
        "type": "Polygon",
        "coordinates": [
          [
            [
              6350.074670843256,
              9288.209847324993
            ],
            [
              6469.490875309682,
              9451.494084133301
            ],
            [
              6569.158142101427,
              9473.8799228454
            ],
            [
              6822.434559483547,
              9224.244870442897
            ],
            [
              6794.200795007462,
              9043.059079114348
            ],
            [
              6545.1297946883715,
              8877.807479458861
            ],
            [
              6400.488068780804,
              8942.835291051771
            ],
            [
              6138.9048299102,
              8845.893341485877
            ],
            [
              6045.3825422096415,
              8897.084134327713
            ],
            [
              5979.402785313141,
              9132.959525586106
            ],
            [
              6234.061667976668,
              9298.003208644222
            ],
            [
              6350.074670843256,
              9288.209847324993
            ]
          ]
        ]
      }
    },
    {
      "type": "Feature",
      "properties": {
        "id": "veg/215",
        "class": "grass",
        "area_m2": 128610.0
      },
      "geometry": {
        "type": "Polygon",
        "coordinates": [
          [
            [
              7339.432704587642,
              9983.307618087623
            ],
            [
              7338.312520399515,
              9844.05111394031
            ],
            [
              7221.353632857383,
              9701.553766245022
            ],
            [
              7057.87271913077,
              9700.857560621575
            ],
            [
              6950.191269972245,
              9978.125509214122
            ],
            [
              7100.1515095309005,
              10202.685573067982
            ],
            [
              7339.432704587642,
              9983.307618087623
            ]
          ]
        ]
      }
    },
    {
      "type": "Feature",
      "properties": {
        "id": "veg/216",
        "class": "grass",
        "area_m2": 224233.45
      },
      "geometry": {
        "type": "Polygon",
        "coordinates": [
          [
            [
              6027.680907245376,
              11504.827873872593
            ],
            [
              6044.857619284827,
              11491.371124713682
            ],
            [
              6047.767902606691,
              11498.395601445343
            ],
            [
              6087.962475170614,
              11485.524465858936
            ],
            [
              6091.767061065882,
              11482.470349943265
            ],
            [
              6127.7264939863235,
              11460.434679740109
            ],
            [
              6158.578637522762,
              11449.264630130492
            ],
            [
              6179.82532535569,
              11445.619361013174
            ],
            [
              6183.271332355682,
              11455.004593517631
            ],
            [
              6248.994642817415,
              11433.958626706619
            ],
            [
              6271.333618529083,
              11322.899271024391
            ],
            [
              6241.863908017753,
              11296.439886472654
            ],
            [
              6240.215061112307,
              11295.649418130983
            ],
            [
              6237.208450947248,
              11292.259983557276
            ],
            [
              6164.57081303763,
              11227.042268112302
            ],
            [
              6160.2224138392485,
              11212.040433677379
            ],
            [
              6158.736998279579,
              11180.881263815798
            ],
            [
              6158.777170147572,
              11180.258280709852
            ],
            [
              6152.098788947507,
              11126.32998242462
            ],
            [
              6138.275965625304,
              11104.603771619964
            ],
            [
              6130.103816780786,
              11096.053937652148
            ],
            [
              6130.8001157219405,
              11068.048903774936
            ],
            [
              6140.143558048527,
              11029.790830394253
            ],
            [
              6158.491016719025,
              10988.889500741381
            ],
            [
              6161.4035638239,
              10986.937281641178
            ],
            [
              6182.3804997334955,
              10944.654313556384
            ],
            [
              6183.196538464923,
              10923.417323383037
            ],
            [
              6200.917167276668,
              10907.290166308638
            ],
            [
              6211.985594243626,
              10884.97966556577
            ],
            [
              6209.066750812286,
              10870.23177749943
            ],
            [
              6223.209255244583,
              10859.170670051128
            ],
            [
              6230.030331005051,
              10848.607097527944
            ],
            [
              6237.0894284065,
              10834.378156207968
            ],
            [
              6216.175483102328,
              10751.177793720737
            ],
            [
              5957.445911144314,
              10729.195683653
            ],
            [
              5820.460621945851,
              10683.089641225059
            ],
            [
              5798.2529285645,
              10826.051362155937
            ],
            [
              5904.238757974585,
              10909.45945017878
            ],
            [
              5950.407461143506,
              11168.339570897631
            ],
            [
              5898.086961931025,
              11441.665259396192
            ],
            [
              5970.7613412087085,
              11523.054699169472
            ],
            [
              6027.680907245376,
              11504.827873872593
            ]
          ]
        ]
      }
    },
    {
      "type": "Feature",
      "properties": {
        "id": "veg/217",
        "class": "grass",
        "area_m2": 53288.89
      },
      "geometry": {
        "type": "Polygon",
        "coordinates": [
          [
            [
              5799.882194575097,
              11397.309499429073
            ],
            [
              5869.142000682128,
              11366.616007002536
            ],
            [
              5836.356224909832,
              11225.384037443437
            ],
            [
              5611.911983731552,
              11184.929550670087
            ],
            [
              5512.680858249601,
              11292.175188681576
            ],
            [
              5574.048537355091,
              11365.102104613557
            ],
            [
              5799.882194575097,
              11397.309499429073
            ]
          ]
        ]
      }
    },
    {
      "type": "Feature",
      "properties": {
        "id": "veg/218",
        "class": "grass",
        "area_m2": 136316.89
      },
      "geometry": {
        "type": "Polygon",
        "coordinates": [
          [
            [
              5901.627484613855,
              12828.951350104995
            ],
            [
              6066.546715260425,
              12606.532684073783
            ],
            [
              6172.503375514352,
              12551.512039869558
            ],
            [
              6177.491489578912,
              12398.342342847027
            ],
            [
              5948.472504696401,
              12331.363005902618
            ],
            [
              5800.369078495831,
              12465.655064025428
            ],
            [
              5727.914943872602,
              12722.69924148824
            ],
            [
              5785.641047173762,
              12816.563151053619
            ],
            [
              5901.627484613855,
              12828.951350104995
            ]
          ]
        ]
      }
    },
    {
      "type": "Feature",
      "properties": {
        "id": "veg/219",
        "class": "grass",
        "area_m2": 20496.33
      },
      "geometry": {
        "type": "Polygon",
        "coordinates": [
          [
            [
              7084.280967890692,
              16613.670263082255
            ],
            [
              6904.361875139992,
              16655.406712458003
            ],
            [
              6949.7351413996075,
              16770.800082647707
            ],
            [
              7105.891131463926,
              16724.72446436202
            ],
            [
              7084.280967890692,
              16613.670263082255
            ]
          ]
        ]
      }
    },
    {
      "type": "Feature",
      "properties": {
        "id": "veg/220",
        "class": "grass",
        "area_m2": 79453.83
      },
      "geometry": {
        "type": "Polygon",
        "coordinates": [
          [
            [
              6552.954765409522,
              16712.864680625033
            ],
            [
              6558.271931776893,
              16733.989882516675
            ],
            [
              6606.651725867356,
              16840.225601732265
            ],
            [
              6706.759994655673,
              16859.224229048006
            ],
            [
              6833.558520819119,
              16624.303477892186
            ],
            [
              6627.623821511806,
              16460.878311560955
            ],
            [
              6526.5452007406275,
              16491.08518028073
            ],
            [
              6526.60212690098,
              16664.447120673954
            ],
            [
              6542.9330920026405,
              16700.307790519204
            ],
            [
              6552.954765409522,
              16712.864680625033
            ]
          ]
        ]
      }
    },
    {
      "type": "Feature",
      "properties": {
        "id": "veg/221",
        "class": "grass",
        "area_m2": 77153.35
      },
      "geometry": {
        "type": "Polygon",
        "coordinates": [
          [
            [
              7336.677248634922,
              17030.600995601155
            ],
            [
              7271.9963754957425,
              16914.984022652265
            ],
            [
              7136.946942488081,
              16938.39886602247
            ],
            [
              6962.970660935447,
              17124.01779691223
            ],
            [
              6990.676248651056,
              17259.257096187677
            ],
            [
              7082.969222201151,
              17287.67366961669
            ],
            [
              7336.677248634922,
              17030.600995601155
            ]
          ]
        ]
      }
    },
    {
      "type": "Feature",
      "properties": {
        "id": "veg/222",
        "class": "grass",
        "area_m2": 35703.57
      },
      "geometry": {
        "type": "Polygon",
        "coordinates": [
          [
            [
              7136.502610158583,
              18380.144560196903
            ],
            [
              7021.060277814395,
              18362.528683424927
            ],
            [
              6945.129559069697,
              18498.52852492081
            ],
            [
              7060.841632082011,
              18612.412562812213
            ],
            [
              7176.430450192245,
              18507.061567127705
            ],
            [
              7136.502610158583,
              18380.144560196903
            ]
          ]
        ]
      }
    },
    {
      "type": "Feature",
      "properties": {
        "id": "veg/223",
        "class": "grass",
        "area_m2": 48666.86
      },
      "geometry": {
        "type": "Polygon",
        "coordinates": [
          [
            [
              6870.645953638421,
              20800.353724847548
            ],
            [
              6929.656438678852,
              20850.490484060254
            ],
            [
              7070.148736870149,
              20803.636052201036
            ],
            [
              7079.757647279766,
              20692.15309788566
            ],
            [
              6926.9118577829795,
              20553.668022722937
            ],
            [
              6832.581129703496,
              20616.132360479794
            ],
            [
              6870.645953638421,
              20800.353724847548
            ]
          ]
        ]
      }
    },
    {
      "type": "Feature",
      "properties": {
        "id": "veg/224",
        "class": "grass",
        "area_m2": 24102.31
      },
      "geometry": {
        "type": "Polygon",
        "coordinates": [
          [
            [
              5432.199174033711,
              21013.897173867095
            ],
            [
              5496.365469871438,
              21159.530246429145
            ],
            [
              5627.953348809853,
              21061.390277481172
            ],
            [
              5582.602517573512,
              20934.201945590787
            ],
            [
              5432.199174033711,
              21013.897173867095
            ]
          ]
        ]
      }
    },
    {
      "type": "Feature",
      "properties": {
        "id": "veg/225",
        "class": "grass",
        "area_m2": 26880.54
      },
      "geometry": {
        "type": "Polygon",
        "coordinates": [
          [
            [
              5934.120934869221,
              21211.139535683673
            ],
            [
              5881.087129524327,
              21069.514835338574
            ],
            [
              5749.625474896748,
              21130.126764107496
            ],
            [
              5729.313262787182,
              21221.536171177868
            ],
            [
              5829.2312290311675,
              21281.98023792263
            ],
            [
              5934.120934869221,
              21211.139535683673
            ]
          ]
        ]
      }
    },
    {
      "type": "Feature",
      "properties": {
        "id": "veg/226",
        "class": "grass",
        "area_m2": 73936.88
      },
      "geometry": {
        "type": "Polygon",
        "coordinates": [
          [
            [
              5469.416783010762,
              21526.61595618818
            ],
            [
              5590.3891911414685,
              21322.22975560231
            ],
            [
              5515.969767585862,
              21229.694289779756
            ],
            [
              5377.621909625537,
              21188.297733421437
            ],
            [
              5258.848691046063,
              21309.104244153947
            ],
            [
              5346.21471860772,
              21528.483102519996
            ],
            [
              5469.416783010762,
              21526.61595618818
            ]
          ]
        ]
      }
    },
    {
      "type": "Feature",
      "properties": {
        "id": "veg/227",
        "class": "grass",
        "area_m2": 87217.77
      },
      "geometry": {
        "type": "Polygon",
        "coordinates": [
          [
            [
              6100.963501540653,
              21698.870859052055
            ],
            [
              6156.975975235051,
              21554.25452481676
            ],
            [
              6093.03286257491,
              21312.20966083277
            ],
            [
              5935.075213409495,
              21319.055805100128
            ],
            [
              5867.142010983429,
              21616.197607806884
            ],
            [
              6017.766188740323,
              21735.342313974164
            ],
            [
              6100.963501540653,
              21698.870859052055
            ]
          ]
        ]
      }
    },
    {
      "type": "Feature",
      "properties": {
        "id": "veg/228",
        "class": "grass",
        "area_m2": 159772.08
      },
      "geometry": {
        "type": "Polygon",
        "coordinates": [
          [
            [
              7257.408738629951,
              21968.888181017246
            ],
            [
              7467.523428247834,
              21910.474982215557
            ],
            [
              7582.603642662754,
              21728.681912160944
            ],
            [
              7568.103228439111,
              21642.97722244216
            ],
            [
              7263.914178686682,
              21474.985962779727
            ],
            [
              7102.883166624117,
              21524.229338169564
            ],
            [
              7047.1865080524,
              21623.68867423106
            ],
            [
              7161.57545732928,
              21745.09074367257
            ],
            [
              7257.408738629951,
              21968.888181017246
            ]
          ]
        ]
      }
    },
    {
      "type": "Feature",
      "properties": {
        "id": "veg/229",
        "class": "grass",
        "area_m2": 35013.1
      },
      "geometry": {
        "type": "Polygon",
        "coordinates": [
          [
            [
              7457.424635563104,
              29097.63886021683
            ],
            [
              7239.6591500118375,
              29053.974926996976
            ],
            [
              7226.060351221473,
              29179.735829508398
            ],
            [
              7315.938546429097,
              29265.402375735808
            ],
            [
              7412.081018680648,
              29256.34100113809
            ],
            [
              7457.424635563104,
              29097.63886021683
            ]
          ]
        ]
      }
    },
    {
      "type": "Feature",
      "properties": {
        "id": "veg/230",
        "class": "grass",
        "area_m2": 1507369.04
      },
      "geometry": {
        "type": "Polygon",
        "coordinates": [
          [
            [
              7518.4419091721065,
              5345.977426842321
            ],
            [
              7472.664382789051,
              5153.972431536298
            ],
            [
              7481.938564898679,
              5008.675171165261
            ],
            [
              7602.009751239442,
              5009.552802275866
            ],
            [
              7675.710875082645,
              5092.035714756697
            ],
            [
              7838.747951725323,
              5105.51282701036
            ],
            [
              7962.308298379357,
              5199.505671240855
            ],
            [
              8007.687538237718,
              5355.254679657519
            ],
            [
              8195.473004317959,
              5405.147064946126
            ],
            [
              8362.840655263222,
              5219.007948542479
            ],
            [
              8512.184173303482,
              5256.191112356726
            ],
            [
              8717.082587256678,
              5233.897144391667
            ],
            [
              8766.714632692223,
              5126.411525743548
            ],
            [
              8707.68676595192,
              5008.004184478428
            ],
            [
              8539.51755417342,
              4858.912519649137
            ],
            [
              8308.488908857806,
              4870.77279422991
            ],
            [
              8193.955284343567,
              4714.072870505508
            ],
            [
              8196.182559564011,
              4562.9960694029
            ],
            [
              8235.189065653656,
              4507.6517286058515
            ],
            [
              8261.409496882814,
              4470.23090273561
            ],
            [
              8271.742299423786,
              4444.149435882457
            ],
            [
              8292.507097218302,
              4424.147702148184
            ],
            [
              8295.5295951218,
              4422.037630816922
            ],
            [
              8441.864233550034,
              4214.410880525596
            ],
            [
              8447.81018202292,
              4007.8285011672415
            ],
            [
              8447.565491296351,
              4003.9557818365283
            ],
            [
              8447.949892290635,
              4002.9744934923947
            ],
            [
              8450.192255784874,
              3925.067194406409
            ],
            [
              8422.737921999593,
              3785.27218866162
            ],
            [
              8291.614286103111,
              3708.37629741244
            ],
            [
              8192.854909986898,
              3765.266214254312
            ],
            [
              8193.827331044013,
              3776.3413622393273
            ],
            [
              8182.775248457096,
              3798.5437203072943
            ],
            [
              8154.323174600489,
              3815.2240674910136
            ],
            [
              8101.475441236864,
              3823.9166425261647
            ],
            [
              8087.714242453629,
              3825.8320467639714
            ],
            [
              8061.794293813873,
              3840.7631224822253
            ],
            [
              7907.685366054531,
              3818.8503493489698
            ],
            [
              7890.6873956573545,
              3826.6728602256626
            ],
            [
              7881.266157040838,
              3835.594476037193
            ],
            [
              7851.742190109973,
              3844.59554669261
            ],
            [
              7811.3294378355495,
              3863.1936020394787
            ],
            [
              7719.610060071049,
              4046.974187185988
            ],
            [
              7594.764531118446,
              4102.692848862149
            ],
            [
              7550.70247831702,
              4127.423668054864
            ],
            [
              7544.823103369505,
              4124.981748910621
            ],
            [
              7503.783523182501,
              4143.297747112345
            ],
            [
              7376.086043335206,
              4318.892216025386
            ],
            [
              7228.4185264228145,
              4397.642069044989
            ],
            [
              7192.282280303363,
              4734.00813742727
            ],
            [
              7337.114516269532,
              4868.866724670399
            ],
            [
              7288.502999033604,
              5030.180811775383
            ],
            [
              7178.773031434976,
              5163.452424671967
            ],
            [
              7311.137561693089,
              5370.027148685884
            ],
            [
              7425.784536907042,
              5400.484763152432
            ],
            [
              7518.4419091721065,
              5345.977426842321
            ]
          ]
        ]
      }
    },
    {
      "type": "Feature",
      "properties": {
        "id": "veg/231",
        "class": "grass",
        "area_m2": 20637.0
      },
      "geometry": {
        "type": "Polygon",
        "coordinates": [
          [
            [
              7328.016073373146,
              5620.783305660356
            ],
            [
              7284.285988804477,
              5725.127510753926
            ],
            [
              7441.0036597656435,
              5828.760953180492
            ],
            [
              7477.637593191583,
              5715.7353849625215
            ],
            [
              7328.016073373146,
              5620.783305660356
            ]
          ]
        ]
      }
    },
    {
      "type": "Feature",
      "properties": {
        "id": "veg/232",
        "class": "grass",
        "area_m2": 658339.44
      },
      "geometry": {
        "type": "Polygon",
        "coordinates": [
          [
            [
              8311.015990057262,
              7003.555237423629
            ],
            [
              8237.859712655423,
              6809.361087461468
            ],
            [
              8281.54317825986,
              6749.532403036021
            ],
            [
              8436.556420453417,
              6771.597742661834
            ],
            [
              8462.217780436913,
              6984.681868726853
            ],
            [
              8588.685066295846,
              7068.535246829037
            ],
            [
              8721.301481325703,
              7405.1747716078535
            ],
            [
              8735.597409795737,
              7570.290320589207
            ],
            [
              8627.188994584372,
              7693.171190153807
            ],
            [
              8638.386611433409,
              7806.123001539614
            ],
            [
              8731.524484792608,
              7855.3674129853025
            ],
            [
              8859.548631181591,
              7832.827137388289
            ],
            [
              9030.574910243973,
              7926.334875917528
            ],
            [
              9019.677353507199,
              8032.506213491317
            ],
            [
              9094.860096591408,
              8101.860064708162
            ],
            [
              9304.92497276375,
              8057.310069382656
            ],
            [
              9244.080153286399,
              7766.153325959574
            ],
            [
              9096.001916719018,
              7699.236925922334
            ],
            [
              9034.686133258685,
              7520.419107155409
            ],
            [
              8879.726081895875,
              7378.447805588134
            ],
            [
              8897.278075139213,
              7087.812192553654
            ],
            [
              8783.832803699246,
              6851.495408094954
            ],
            [
              8365.62294824142,
              6379.364054333884
            ],
            [
              8258.987138408935,
              6291.824329920113
            ],
            [
              8167.697868782445,
              6416.174319475889
            ],
            [
              8249.215422198642,
              6532.2195043107495
            ],
            [
              8215.022515426157,
              6629.9155664877035
            ],
            [
              8067.165003322822,
              6640.034891975112
            ],
            [
              7977.302425696631,
              6765.349060353357
            ],
            [
              8066.692418411432,
              7064.088861898519
            ],
            [
              8226.747822645702,
              7086.070232173894
            ],
            [
              8311.015990057262,
              7003.555237423629
            ]
          ]
        ]
      }
    },
    {
      "type": "Feature",
      "properties": {
        "id": "veg/233",
        "class": "grass",
        "area_m2": 353830.02
      },
      "geometry": {
        "type": "Polygon",
        "coordinates": [
          [
            [
              7388.629175439884,
              7074.64643373806
            ],
            [
              7470.83394954406,
              7070.242782348301
            ],
            [
              7490.851865253062,
              7067.004078967497
            ],
            [
              7546.013194861356,
              7066.21548354812
            ],
            [
              7586.661300181237,
              7085.898858561646
            ],
            [
              7584.571953366394,
              7094.944322526921
            ],
            [
              7634.792742382793,
              7132.362149681896
            ],
            [
              7635.928818414337,
              7132.02039736649
            ],
            [
              7656.99531098525,
              7148.631926306989
            ],
            [
              7657.16261262889,
              7149.029190457892
            ],
            [
              7760.515473465901,
              7226.033944037277
            ],
            [
              8005.493628297583,
              7184.228348275181
            ],
            [
              8067.0697642195155,
              7109.838176576421
            ],
            [
              7966.1864217694965,
              6923.269700597972
            ],
            [
              7920.187761187262,
              6739.9536479776725
            ],
            [
              7823.409555924067,
              6685.093877511565
            ],
            [
              7411.075213779812,
              6692.467906460166
            ],
            [
              7223.635673043842,
              6752.474704485852
            ],
            [
              7122.289725435781,
              6896.639588220976
            ],
            [
              7141.186018276494,
              7014.648119018879
            ],
            [
              7304.348569652531,
              7136.359705524985
            ],
            [
              7388.629175439884,
              7074.64643373806
            ]
          ]
        ]
      }
    },
    {
      "type": "Feature",
      "properties": {
        "id": "veg/234",
        "class": "grass",
        "area_m2": 25965.56
      },
      "geometry": {
        "type": "Polygon",
        "coordinates": [
          [
            [
              8470.049963907513,
              7518.183584940154
            ],
            [
              8321.885324455216,
              7558.64492049301
            ],
            [
              8375.017021889857,
              7730.967140132096
            ],
            [
              8516.471413571446,
              7669.41071600467
            ],
            [
              8470.049963907513,
              7518.183584940154
            ]
          ]
        ]
      }
    },
    {
      "type": "Feature",
      "properties": {
        "id": "veg/235",
        "class": "grass",
        "area_m2": 25793.91
      },
      "geometry": {
        "type": "Polygon",
        "coordinates": [
          [
            [
              8849.818987660808,
              8120.604978956748
            ],
            [
              8774.049033274758,
              8030.009367838968
            ],
            [
              8660.303010309523,
              8062.05283447355
            ],
            [
              8678.278722720686,
              8213.428065937478
            ],
            [
              8798.20405360777,
              8213.938993414398
            ],
            [
              8849.818987660808,
              8120.604978956748
            ]
          ]
        ]
      }
    },
    {
      "type": "Feature",
      "properties": {
        "id": "veg/236",
        "class": "grass",
        "area_m2": 35022.36
      },
      "geometry": {
        "type": "Polygon",
        "coordinates": [
          [
            [
              7953.869771040801,
              9670.889815383125
            ],
            [
              7822.888776409905,
              9634.515883859713
            ],
            [
              7754.949022710731,
              9715.752656180412
            ],
            [
              7847.943795015512,
              9887.877441831864
            ],
            [
              7951.078630118456,
              9851.463657783344
            ],
            [
              7953.869771040801,
              9670.889815383125
            ]
          ]
        ]
      }
    },
    {
      "type": "Feature",
      "properties": {
        "id": "veg/237",
        "class": "grass",
        "area_m2": 217918.96
      },
      "geometry": {
        "type": "Polygon",
        "coordinates": [
          [
            [
              9301.935579546087,
              10703.48344886722
            ],
            [
              9360.142581841093,
              10546.538996301591
            ],
            [
              9622.268587364873,
              10397.84328075964
            ],
            [
              9560.662225634675,
              10279.41120694764
            ],
            [
              9340.94181597291,
              10298.46163858939
            ],
            [
              9158.84109353053,
              10135.46736464044
            ],
            [
              9100.88881925674,
              10138.41048140917
            ],
            [
              8903.81008514989,
              10298.636549067218
            ],
            [
              8953.768192654883,
              10515.913577772677
            ],
            [
              9301.935579546087,
              10703.48344886722
            ]
          ]
        ]
      }
    },
    {
      "type": "Feature",
      "properties": {
        "id": "veg/238",
        "class": "grass",
        "area_m2": 87209.58
      },
      "geometry": {
        "type": "Polygon",
        "coordinates": [
          [
            [
              7391.686304414587,
              11036.067431004718
            ],
            [
              7393.008712272451,
              11044.60361452587
            ],
            [
              7437.822842415131,
              11122.623691203538
            ],
            [
              7571.680709256674,
              11120.43270338513
            ],
            [
              7614.337778394634,
              10947.669658892788
            ],
            [
              7508.487485192018,
              10682.095890946686
            ],
            [
              7347.693285071349,
              10700.599304783158
            ],
            [
              7375.556481686886,
              11014.219796650577
            ],
            [
              7385.941342894046,
              11032.299533222336
            ],
            [
              7391.686304414587,
              11036.067431004718
            ]
          ]
        ]
      }
    },
    {
      "type": "Feature",
      "properties": {
        "id": "veg/239",
        "class": "grass",
        "area_m2": 70733.58
      },
      "geometry": {
        "type": "Polygon",
        "coordinates": [
          [
            [
              8735.534387586347,
              10878.606090398971
            ],
            [
              8747.80926969467,
              10786.333987698425
            ],
            [
              8591.307404391293,
              10722.663710479625
            ],
            [
              8411.954600261466,
              10934.250883901957
            ],
            [
              8442.39534132235,
              11038.97246658476
            ],
            [
              8617.31980937114,
              11053.054232930299
            ],
            [
              8735.534387586347,
              10878.606090398971
            ]
          ]
        ]
      }
    },
    {
      "type": "Feature",
      "properties": {
        "id": "veg/240",
        "class": "grass",
        "area_m2": 340379.72
      },
      "geometry": {
        "type": "Polygon",
        "coordinates": [
          [
            [
              8934.094408910023,
              11307.956933864858
            ],
            [
              8872.90416064125,
              11474.18849052582
            ],
            [
              8943.825099706766,
              11562.649137057364
            ],
            [
              9094.193959379976,
              11552.701657936908
            ],
            [
              9212.315008886158,
              11652.82952673873
            ],
            [
              9333.788537624467,
              11499.161348952912
            ],
            [
              9511.665266217664,
              11415.257061935961
            ],
            [
              9501.678847112344,
              11274.794467264786
            ],
            [
              9346.614754927345,
              11233.841737028677
            ],
            [
              9256.388200782356,
              11039.00155713223
            ],
            [
              9105.589724906895,
              10865.786030198913
            ],
            [
              8964.621705878817,
              10831.355344466865
            ],
            [
              8807.355928006582,
              10902.254207413178
            ],
            [
              8804.669706466491,
              11108.078577746172
            ],
            [
              8934.094408910023,
              11307.956933864858
            ]
          ]
        ]
      }
    },
    {
      "type": "Feature",
      "properties": {
        "id": "veg/241",
        "class": "grass",
        "area_m2": 179089.15
      },
      "geometry": {
        "type": "Polygon",
        "coordinates": [
          [
            [
              7637.244385083264,
              12118.286040236708
            ],
            [
              7676.0401401732815,
              12138.139582416043
            ],
            [
              7684.517115518567,
              12150.682475403417
            ],
            [
              7730.167167188716,
              12173.621282739565
            ],
            [
              7887.762801006844,
              12164.580513652414
            ],
            [
              8077.154085088288,
              12248.959967947565
            ],
            [
              8244.785959915374,
              12235.750648114365
            ],
            [
              8219.172432689695,
              12021.321281040553
            ],
            [
              8064.778194338898,
              11971.462876945734
            ],
            [
              7980.365058817901,
              11873.755118997768
            ],
            [
              7833.630077096983,
              11834.416171755642
            ],
            [
              7564.91828522383,
              11963.52861083066
            ],
            [
              7581.931202101405,
              12099.13382612029
            ],
            [
              7616.720470351225,
              12116.615171541926
            ],
            [
              7637.244385083264,
              12118.286040236708
            ]
          ]
        ]
      }
    },
    {
      "type": "Feature",
      "properties": {
        "id": "veg/242",
        "class": "grass",
        "area_m2": 133626.61
      },
      "geometry": {
        "type": "Polygon",
        "coordinates": [
          [
            [
              8633.982931366481,
              13869.555189023726
            ],
            [
              8728.869664513506,
              13703.705159332603
            ],
            [
              8612.700828250672,
              13552.024384913035
            ],
            [
              8486.757633334259,
              13569.244805155322
            ],
            [
              8322.082789079752,
              13778.964225810487
            ],
            [
              8309.98409530148,
              13892.261807009112
            ],
            [
              8495.407736324763,
              14070.028821887448
            ],
            [
              8587.193547873292,
              14043.085919978563
            ],
            [
              8633.982931366481,
              13869.555189023726
            ]
          ]
        ]
      }
    },
    {
      "type": "Feature",
      "properties": {
        "id": "veg/243",
        "class": "grass",
        "area_m2": 40139.48
      },
      "geometry": {
        "type": "Polygon",
        "coordinates": [
          [
            [
              8860.176462806354,
              14298.51553454902
            ],
            [
              8897.759364251979,
              14141.04492796585
            ],
            [
              8674.939351404086,
              14121.103569643572
            ],
            [
              8608.356537578511,
              14219.044153158553
            ],
            [
              8687.53890895762,
              14301.562719116453
            ],
            [
              8860.176462806354,
              14298.51553454902
            ]
          ]
        ]
      }
    },
    {
      "type": "Feature",
      "properties": {
        "id": "veg/244",
        "class": "grass",
        "area_m2": 78805.31
      },
      "geometry": {
        "type": "Polygon",
        "coordinates": [
          [
            [
              7859.465950013371,
              15790.312794087455
            ],
            [
              7860.059257118322,
              15790.907678868622
            ],
            [
              7904.001067896723,
              15830.9301675139
            ],
            [
              8011.849599825684,
              15802.11847325461
            ],
            [
              8096.603012517327,
              15608.571010162588
            ],
            [
              8037.483089386369,
              15451.58934595948
            ],
            [
              7930.817353935563,
              15446.874511909671
            ],
            [
              7810.941675027134,
              15571.329890668858
            ],
            [
              7835.342165928916,
              15768.395190558396
            ],
            [
              7859.352005189401,
              15790.263509185985
            ],
            [
              7859.465950013371,
              15790.312794087455
            ]
          ]
        ]
      }
    },
    {
      "type": "Feature",
      "properties": {
        "id": "veg/245",
        "class": "grass",
        "area_m2": 74550.98
      },
      "geometry": {
        "type": "Polygon",
        "coordinates": [
          [
            [
              8654.407632430492,
              15649.239563497715
            ],
            [
              8761.108819921094,
              15506.517730942462
            ],
            [
              8723.197141082725,
              15356.841990574263
            ],
            [
              8435.44404812844,
              15376.313759774435
            ],
            [
              8400.18644750159,
              15476.209770975169
            ],
            [
              8576.328183519421,
              15648.906558810733
            ],
            [
              8654.407632430492,
              15649.239563497715
            ]
          ]
        ]
      }
    },
    {
      "type": "Feature",
      "properties": {
        "id": "veg/246",
        "class": "grass",
        "area_m2": 189494.27
      },
      "geometry": {
        "type": "Polygon",
        "coordinates": [
          [
            [
              8748.523518132512,
              16101.101114823949
            ],
            [
              8923.394706580322,
              15899.052303490229
            ],
            [
              8835.120247351646,
              15724.964743154589
            ],
            [
              8728.377587409981,
              15671.242411759216
            ],
            [
              8509.090597641538,
              15637.62683093734
            ],
            [
              8431.150488318293,
              15695.36939344788
            ],
            [
              8382.265912345902,
              15991.739748079795
            ],
            [
              8461.651843777974,
              16093.203273144085
            ],
            [
              8748.523518132512,
              16101.101114823949
            ]
          ]
        ]
      }
    },
    {
      "type": "Feature",
      "properties": {
        "id": "veg/247",
        "class": "grass",
        "area_m2": 82552.61
      },
      "geometry": {
        "type": "Polygon",
        "coordinates": [
          [
            [
              8133.969459307613,
              17458.857926806435
            ],
            [
              8119.471963518416,
              17366.258311493322
            ],
            [
              8105.85596515506,
              17352.232145505957
            ],
            [
              8093.933012279042,
              17353.989465354476
            ],
            [
              8076.389461569663,
              17321.877994505223
            ],
            [
              8012.667532852443,
              17256.2365097343
            ],
            [
              7994.877287304436,
              17255.026954473928
            ],
            [
              7988.050079262757,
              17238.363755119033
            ],
            [
              7987.211240965815,
              17230.01337383967
            ],
            [
              7973.259447172692,
              17215.641296938993
            ],
            [
              7860.1229430612875,
              17215.163833011407
            ],
            [
              7807.312923558755,
              17305.93478584336
            ],
            [
              7900.051765834913,
              17561.41475844616
            ],
            [
              8050.343353777018,
              17581.890168881044
            ],
            [
              8133.969459307613,
              17458.857926806435
            ]
          ]
        ]
      }
    },
    {
      "type": "Feature",
      "properties": {
        "id": "veg/248",
        "class": "grass",
        "area_m2": 60300.6
      },
      "geometry": {
        "type": "Polygon",
        "coordinates": [
          [
            [
              8080.269925907138,
              20044.96438219212
            ],
            [
              8102.612140475947,
              19908.395265568048
            ],
            [
              8008.808698724955,
              19845.141773893032
            ],
            [
              7817.1962496160995,
              19952.85978092719
            ],
            [
              7768.0294108883245,
              20045.988382852636
            ],
            [
              7814.04876048665,
              20146.282455263194
            ],
            [
              8080.269925907138,
              20044.96438219212
            ]
          ]
        ]
      }
    },
    {
      "type": "Feature",
      "properties": {
        "id": "veg/249",
        "class": "grass",
        "area_m2": 97963.16
      },
      "geometry": {
        "type": "Polygon",
        "coordinates": [
          [
            [
              8586.93560398242,
              19877.93771087099
            ],
            [
              8494.320775218832,
              19712.34318969352
            ],
            [
              8386.954766961047,
              19741.563396865968
            ],
            [
              8285.58237650001,
              19942.232291430235
            ],
            [
              8179.193888287409,
              20031.080931429286
            ],
            [
              8215.423296766996,
              20186.113877597265
            ],
            [
              8307.901053874812,
              20197.66288086213
            ],
            [
              8586.93560398242,
              19877.93771087099
            ]
          ]
        ]
      }
    },
    {
      "type": "Feature",
      "properties": {
        "id": "veg/250",
        "class": "grass",
        "area_m2": 117631.29
      },
      "geometry": {
        "type": "Polygon",
        "coordinates": [
          [
            [
              8256.6141349065,
              20817.45612568222
            ],
            [
              8243.544756072224,
              20666.514627185185
            ],
            [
              8109.167619662068,
              20616.250401825644
            ],
            [
              8057.2720926719485,
              20488.64922017511
            ],
            [
              7937.805862253299,
              20432.170686671045
            ],
            [
              7871.04868471378,
              20505.54949847283
            ],
            [
              7873.217990923498,
              20814.248067303095
            ],
            [
              7931.151818958519,
              20889.13391359523
            ],
            [
              8256.6141349065,
              20817.45612568222
            ]
          ]
        ]
      }
    },
    {
      "type": "Feature",
      "properties": {
        "id": "veg/251",
        "class": "grass",
        "area_m2": 30513.5
      },
      "geometry": {
        "type": "Polygon",
        "coordinates": [
          [
            [
              8234.775565588556,
              20417.4429540555
            ],
            [
              8272.811200793833,
              20305.15322160488
            ],
            [
              8205.194069133955,
              20209.942108354997
            ],
            [
              8061.159018483479,
              20334.17630143091
            ],
            [
              8088.162958367087,
              20440.727054658346
            ],
            [
              8234.775565588556,
              20417.4429540555
            ]
          ]
        ]
      }
    },
    {
      "type": "Feature",
      "properties": {
        "id": "veg/252",
        "class": "grass",
        "area_m2": 23504.38
      },
      "geometry": {
        "type": "Polygon",
        "coordinates": [
          [
            [
              8065.108952034381,
              28959.227973889094
            ],
            [
              8047.430924723798,
              28804.385841920972
            ],
            [
              7946.38720823318,
              28781.32043518778
            ],
            [
              7891.704579636455,
              28878.881422356702
            ],
            [
              7981.824169545434,
              28980.957400488667
            ],
            [
              8065.108952034381,
              28959.227973889094
            ]
          ]
        ]
      }
    },
    {
      "type": "Feature",
      "properties": {
        "id": "veg/253",
        "class": "grass",
        "area_m2": 1788937.05
      },
      "geometry": {
        "type": "Polygon",
        "coordinates": [
          [
            [
              7812.631392663345,
              29493.68367861258
            ],
            [
              7876.575802663341,
              29685.704698612913
            ],
            [
              7994.509842663363,
              29860.540578612592
            ],
            [
              8151.662692663318,
              30217.045658612624
            ],
            [
              8300.288782663352,
              30460.2075186125
            ],
            [
              8502.426742663316,
              30726.004288612865
            ],
            [
              8589.694192663359,
              30743.600838612765
            ],
            [
              8770.417172663321,
              30654.109328612685
            ],
            [
              8868.116562663345,
              30555.924748612568
            ],
            [
              8993.807902663364,
              30530.768158612773
            ],
            [
              9196.275462663325,
              30593.66913861269
            ],
            [
              9300.467612663342,
              30574.805508612655
            ],
            [
              9384.469792663353,
              30470.48485861253
            ],
            [
              9579.97961266333,
              30369.448848612607
            ],
            [
              9679.823662663344,
              30246.420908612665
            ],
            [
              9703.311342336237,
              30159.999613744672
            ],
            [
              9700.45028148999,
              30159.876091601327
            ],
            [
              9701.605692839948,
              30131.075050433166
            ],
            [
              9711.161151265376,
              30131.116784040816
            ],
            [
              9723.591982663318,
              30085.378398612607
            ],
            [
              9697.762842663331,
              29838.14574861247
            ],
            [
              9457.01761266333,
              29573.80860861251
            ],
            [
              9290.166962663352,
              29596.086148612667
            ],
            [
              9180.736112663348,
              29683.182728612795
            ],
            [
              9029.267802663322,
              29653.87494861288
            ],
            [
              8889.988292663358,
              29772.03815861279
            ],
            [
              8584.596002663311,
              29606.53463861253
            ],
            [
              8425.573832663358,
              29363.267418612726
            ],
            [
              8223.836502663326,
              29279.221258612815
            ],
            [
              8081.40400266333,
              29138.933308612555
            ],
            [
              7965.781922663329,
              29134.63541861251
            ],
            [
              7808.590352663363,
              29291.973658612464
            ],
            [
              7534.035472663352,
              29257.807938612532
            ],
            [
              7461.600452663319,
              29298.774188612588
            ],
            [
              7487.606122663361,
              29559.1491686129
            ],
            [
              7635.383572663355,
              29599.56794861285
            ],
            [
              7711.956482663343,
              29494.685058612842
            ],
            [
              7812.631392663345,
              29493.68367861258
            ]
          ]
        ]
      }
    },
    {
      "type": "Feature",
      "properties": {
        "id": "veg/254",
        "class": "grass",
        "area_m2": 735308.49
      },
      "geometry": {
        "type": "Polygon",
        "coordinates": [
          [
            [
              8867.449361797073,
              -24696.075963794254
            ],
            [
              8866.501961004687,
              -24698.376895719208
            ],
            [
              8869.530709267303,
              -24695.719627888873
            ],
            [
              8953.959401876724,
              -24681.265061763115
            ],
            [
              8958.279355274688,
              -24683.859592826106
            ],
            [
              8976.019073854666,
              -24687.81585448701
            ],
            [
              8965.205119430844,
              -24679.339745108504
            ],
            [
              9040.078722278413,
              -24666.521052671596
            ],
            [
              9189.690185096173,
              -24559.08598827105
            ],
            [
              9322.534671843692,
              -24576.488512925338
            ],
            [
              9481.935482846922,
              -24504.448432649486
            ],
            [
              9516.041274222254,
              -24514.264127999544
            ],
            [
              9524.504078084137,
              -24524.55071332259
            ],
            [
              9538.699580327317,
              -24520.78522077948
            ],
            [
              9686.545362953737,
              -24563.33544766344
            ],
            [
              9847.099616396183,
              -24671.317272171844
            ],
            [
              9825.51079091517,
              -24855.22144081723
            ],
            [
              9749.84187214612,
              -25016.431043569464
            ],
            [
              9772.13073958765,
              -25227.487421640195
            ],
            [
              9617.464078866411,
              -25388.52840857301
            ],
            [
              9481.760559511371,
              -25437.704627448227
            ],
            [
              9151.388015776582,
              -25285.230371113867
            ],
            [
              8948.74618960399,
              -25246.31113564875
            ],
            [
              8823.881698982499,
              -25110.947845040355
            ],
            [
              8823.884871567949,
              -25110.13162917178
            ],
            [
              8772.479559508676,
              -25040.74588825507
            ],
            [
              8761.097899694927,
              -25042.885086555965
            ],
            [
              8722.84105827799,
              -25001.4115505917
            ],
            [
              8709.793721290713,
              -24834.41884494899
            ],
            [
              8725.76184974279,
              -24827.67374737654
            ],
            [
              8709.28575838334,
              -24827.917433944996
            ],
            [
              8704.806309888256,
              -24770.585027744994
            ],
            [
              8782.10750489711,
              -24710.68686769111
            ],
            [
              8867.449361797073,
              -24696.075963794254
            ]
          ]
        ]
      }
    },
    {
      "type": "Feature",
      "properties": {
        "id": "veg/255",
        "class": "grass",
        "area_m2": 28480.35
      },
      "geometry": {
        "type": "Polygon",
        "coordinates": [
          [
            [
              9350.304129331664,
              7209.312139010057
            ],
            [
              9301.25586761051,
              7130.762234527618
            ],
            [
              9139.522392858751,
              7173.56136296317
            ],
            [
              9148.681410208344,
              7287.4543326157145
            ],
            [
              9248.693147130427,
              7340.340575212147
            ],
            [
              9350.304129331664,
              7209.312139010057
            ]
          ]
        ]
      }
    },
    {
      "type": "Feature",
      "properties": {
        "id": "veg/256",
        "class": "grass",
        "area_m2": 49073.06
      },
      "geometry": {
        "type": "Polygon",
        "coordinates": [
          [
            [
              9871.099162314902,
              7823.172107174527
            ],
            [
              9889.796972930839,
              7619.891462974716
            ],
            [
              9775.548282152216,
              7530.278649757616
            ],
            [
              9654.517521299771,
              7686.293297628872
            ],
            [
              9713.887168189336,
              7829.500303316861
            ],
            [
              9871.099162314902,
              7823.172107174527
            ]
          ]
        ]
      }
    },
    {
      "type": "Feature",
      "properties": {
        "id": "veg/257",
        "class": "grass",
        "area_m2": 177105.57
      },
      "geometry": {
        "type": "Polygon",
        "coordinates": [
          [
            [
              10121.393796659715,
              8286.601134448312
            ],
            [
              10262.156302601448,
              8291.542581573594
            ],
            [
              10475.759623393009,
              7978.661369417794
            ],
            [
              10421.008279979753,
              7903.122549708933
            ],
            [
              10166.046842443175,
              7877.264709183015
            ],
            [
              10017.6330120138,
              7983.012388966512
            ],
            [
              9957.143442324828,
              8153.717868309934
            ],
            [
              9870.361997051048,
              8221.83562213555
            ],
            [
              9928.098559235164,
              8380.5496259192
            ],
            [
              10036.608735793561,
              8374.56077268254
            ],
            [
              10121.393796659715,
              8286.601134448312
            ]
          ]
        ]
      }
    },
    {
      "type": "Feature",
      "properties": {
        "id": "veg/258",
        "class": "grass",
        "area_m2": 88868.11
      },
      "geometry": {
        "type": "Polygon",
        "coordinates": [
          [
            [
              9325.40744859341,
              8650.814471686259
            ],
            [
              9499.842209754861,
              8604.148823878262
            ],
            [
              9464.341549716191,
              8451.122978505213
            ],
            [
              9304.658913023362,
              8350.592213779688
            ],
            [
              9169.350884112413,
              8367.926288265735
            ],
            [
              9082.640295002551,
              8463.493686421774
            ],
            [
              9176.26922007138,
              8630.91874878481
            ],
            [
              9325.40744859341,
              8650.814471686259
            ]
          ]
        ]
      }
    },
    {
      "type": "Feature",
      "properties": {
        "id": "veg/259",
        "class": "grass",
        "area_m2": 54049.17
      },
      "geometry": {
        "type": "Polygon",
        "coordinates": [
          [
            [
              9775.82275029883,
              8664.665677502286
            ],
            [
              9849.518096218177,
              8714.370760622434
            ],
            [
              10065.52681508148,
              8631.606659175362
            ],
            [
              10062.467408485769,
              8563.266434502788
            ],
            [
              9818.858865019924,
              8438.368114991114
            ],
            [
              9764.654883019452,
              8471.054432657082
            ],
            [
              9775.82275029883,
              8664.665677502286
            ]
          ]
        ]
      }
    },
    {
      "type": "Feature",
      "properties": {
        "id": "veg/260",
        "class": "grass",
        "area_m2": 33570.77
      },
      "geometry": {
        "type": "Polygon",
        "coordinates": [
          [
            [
              11231.381529625563,
              8487.897903232835
            ],
            [
              11163.660445243586,
              8387.85169216711
            ],
            [
              11038.567144954344,
              8420.152605787385
            ],
            [
              11020.732659759058,
              8549.190085756127
            ],
            [
              11150.15692355542,
              8636.623699318152
            ],
            [
              11231.381529625563,
              8487.897903232835
            ]
          ]
        ]
      }
    },
    {
      "type": "Feature",
      "properties": {
        "id": "veg/261",
        "class": "grass",
        "area_m2": 42631.53
      },
      "geometry": {
        "type": "Polygon",
        "coordinates": [
          [
            [
              10898.976979070692,
              8825.20541894529
            ],
            [
              11017.610985666222,
              8706.196374339983
            ],
            [
              10966.451353568002,
              8603.5928271804
            ],
            [
              10872.46692588646,
              8581.049631634727
            ],
            [
              10757.714848991716,
              8659.45937485667
            ],
            [
              10770.80966778216,
              8777.873905029148
            ],
            [
              10898.976979070692,
              8825.20541894529
            ]
          ]
        ]
      }
    },
    {
      "type": "Feature",
      "properties": {
        "id": "veg/262",
        "class": "grass",
        "area_m2": 143102.78
      },
      "geometry": {
        "type": "Polygon",
        "coordinates": [
          [
            [
              11418.914243379375,
              9270.782779172994
            ],
            [
              11443.123884961242,
              9107.922928529326
            ],
            [
              11417.950698301545,
              8928.787844175939
            ],
            [
              11337.278247817536,
              8789.814892460126
            ],
            [
              11226.41364673298,
              8767.250963239465
            ],
            [
              11139.783590267296,
              8873.393885622732
            ],
            [
              11190.277005598648,
              9358.706617376301
            ],
            [
              11343.780510912591,
              9384.436454141513
            ],
            [
              11418.914243379375,
              9270.782779172994
            ]
          ]
        ]
      }
    },
    {
      "type": "Feature",
      "properties": {
        "id": "veg/263",
        "class": "grass",
        "area_m2": 311.63
      },
      "geometry": {
        "type": "Polygon",
        "coordinates": [
          [
            [
              10489.203131803428,
              8919.1201937804
            ],
            [
              10479.559621583845,
              8920.933228712529
            ],
            [
              10538.593813078303,
              8974.465310933534
            ],
            [
              10489.203131803428,
              8919.1201937804
            ]
          ]
        ]
      }
    },
    {
      "type": "Feature",
      "properties": {
        "id": "veg/264",
        "class": "grass",
        "area_m2": 21062.56
      },
      "geometry": {
        "type": "Polygon",
        "coordinates": [
          [
            [
              9958.732069164456,
              9938.509115609806
            ],
            [
              9981.514133172808,
              9772.56697829999
            ],
            [
              9821.65244151029,
              9772.255882543977
            ],
            [
              9821.16162536823,
              9885.391921420116
            ],
            [
              9958.732069164456,
              9938.509115609806
            ]
          ]
        ]
      }
    },
    {
      "type": "Feature",
      "properties": {
        "id": "veg/265",
        "class": "grass",
        "area_m2": 85583.44
      },
      "geometry": {
        "type": "Polygon",
        "coordinates": [
          [
            [
              9509.207001068979,
              10099.50515071256
            ],
            [
              9541.215006657294,
              9996.600157205015
            ],
            [
              9477.779560836789,
              9908.096662228927
            ],
            [
              9305.017786992597,
              9850.512980067637
            ],
            [
              9203.298664650123,
              9882.45268829586
            ],
            [
              9192.400222058524,
              10076.412193359341
            ],
            [
              9336.161459249677,
              10203.680193730164
            ],
            [
              9509.207001068979,
              10099.50515071256
            ]
          ]
        ]
      }
    },
    {
      "type": "Feature",
      "properties": {
        "id": "veg/266",
        "class": "grass",
        "area_m2": 2003263.15
      },
      "geometry": {
        "type": "Polygon",
        "coordinates": [
          [
            [
              11375.114947537135,
              10731.935246564448
            ],
            [
              11581.127857049985,
              10691.615443330258
            ],
            [
              11706.407044209773,
              10488.57642856706
            ],
            [
              11924.909585366957,
              10553.841663253028
            ],
            [
              11916.044468126202,
              10686.644852349535
            ],
            [
              12006.271835925174,
              10832.515188659541
            ],
            [
              12033.026174537197,
              10983.475133109838
            ],
            [
              11908.738197651459,
              11123.604674141388
            ],
            [
              11934.47473228199,
              11277.772630514111
            ],
            [
              11893.199026596907,
              11584.369515040424
            ],
            [
              11967.657759829715,
              11745.43506305106
            ],
            [
              12128.29570678767,
              11772.622527857777
            ],
            [
              12266.504339090025,
              11927.341909216717
            ],
            [
              12589.10064791108,
              11991.778428141493
            ],
            [
              12658.014714337594,
              11936.673340102658
            ],
            [
              12728.460099001823,
              11697.106677433476
            ],
            [
              12730.019645818451,
              11555.222878997214
            ],
            [
              12827.622824664577,
              11438.942312340252
            ],
            [
              12822.528021308884,
              11282.543695894536
            ],
            [
              12929.562070109881,
              11013.990484717768
            ],
            [
              12878.153519068961,
              10873.634090690408
            ],
            [
              13026.672771573823,
              10753.24146679556
            ],
            [
              13058.323907859158,
              10666.037575246766
            ],
            [
              13007.204704744625,
              10546.775197267998
            ],
            [
              12730.710949238739,
              10246.838881912641
            ],
            [
              12447.02633114456,
              10213.76063293172
            ],
            [
              12333.915118548146,
              10063.793216902763
            ],
            [
              12161.632636607916,
              10121.27021222841
            ],
            [
              12049.704472657177,
              10043.436688851565
            ],
            [
              11714.545946385595,
              10103.327491480391
            ],
            [
              11620.242822737608,
              10009.793343129568
            ],
            [
              11403.987640549545,
              9965.478726094123
            ],
            [
              11265.36315978103,
              10136.421900666784
            ],
            [
              11168.691241585184,
              10475.866817094851
            ],
            [
              11269.08135256311,
              10693.949555341154
            ],
            [
              11375.114947537135,
              10731.935246564448
            ]
          ]
        ]
      }
    },
    {
      "type": "Feature",
      "properties": {
        "id": "veg/267",
        "class": "grass",
        "area_m2": 286911.51
      },
      "geometry": {
        "type": "Polygon",
        "coordinates": [
          [
            [
              11287.551818635256,
              11080.412450689357
            ],
            [
              11449.660844587546,
              11104.413595186546
            ],
            [
              11525.721806786081,
              10965.266889764927
            ],
            [
              11520.424395963375,
              10833.002275740262
            ],
            [
              11157.117366928258,
              10675.299184471369
            ],
            [
              11089.117371727887,
              10377.839767784812
            ],
            [
              11141.984566194296,
              10200.832312720828
            ],
            [
              11080.289238846919,
              10129.851198742166
            ],
            [
              11067.180601921282,
              10130.99241606472
            ],
            [
              10960.132385043136,
              10165.066400265787
            ],
            [
              10938.81133495277,
              10201.399695587344
            ],
            [
              10977.994787937088,
              10316.284844737034
            ],
            [
              10863.286535479536,
              10356.712960727513
            ],
            [
              10827.063487472944,
              10477.25350983534
            ],
            [
              10845.86108975194,
              10532.878101744689
            ],
            [
              10972.685865385341,
              10492.062365207355
            ],
            [
              11009.78634127928,
              10606.805922576226
            ],
            [
              10879.856944433704,
              10648.117063782178
            ],
            [
              10966.670067714527,
              10913.397878405638
            ],
            [
              11091.407720617892,
              10872.98378299782
            ],
            [
              11190.43085252971,
              11196.750644664746
            ],
            [
              11287.551818635256,
              11080.412450689357
            ]
          ]
        ]
      }
    },
    {
      "type": "Feature",
      "properties": {
        "id": "veg/268",
        "class": "grass",
        "area_m2": 75615.91
      },
      "geometry": {
        "type": "Polygon",
        "coordinates": [
          [
            [
              11466.419018011831,
              11653.794652742334
            ],
            [
              11511.361098542344,
              11479.699334282428
            ],
            [
              11478.484305977938,
              11346.359777731355
            ],
            [
              11217.409509909048,
              11284.960288845934
            ],
            [
              11297.326711557514,
              11546.25824086368
            ],
            [
              11375.943364061415,
              11707.5133431172
            ],
            [
              11391.156921851507,
              11743.252933455165
            ],
            [
              11391.37534631393,
              11743.765818346757
            ],
            [
              11466.419018011831,
              11653.794652742334
            ]
          ]
        ]
      }
    },
    {
      "type": "Feature",
      "properties": {
        "id": "veg/269",
        "class": "grass",
        "area_m2": 797.67
      },
      "geometry": {
        "type": "Polygon",
        "coordinates": [
          [
            [
              11267.402805827674,
              12067.48239628924
            ],
            [
              11229.498607166694,
              12151.936992959585
            ],
            [
              11247.74007649778,
              12153.381693555042
            ],
            [
              11267.402805827674,
              12067.48239628924
            ]
          ]
        ]
      }
    },
    {
      "type": "Feature",
      "properties": {
        "id": "veg/270",
        "class": "grass",
        "area_m2": 991.32
      },
      "geometry": {
        "type": "Polygon",
        "coordinates": [
          [
            [
              11319.969331999484,
              11837.83840424288
            ],
            [
              11295.673427037837,
              11847.263905630913
            ],
            [
              11286.071668908815,
              11857.985967775807
            ],
            [
              11302.470194115536,
              11893.531386381015
            ],
            [
              11306.606055669137,
              11896.217687539756
            ],
            [
              11319.969331999484,
              11837.83840424288
            ]
          ]
        ]
      }
    },
    {
      "type": "Feature",
      "properties": {
        "id": "veg/271",
        "class": "grass",
        "area_m2": 39551.74
      },
      "geometry": {
        "type": "Polygon",
        "coordinates": [
          [
            [
              10261.286470865016,
              10607.69487559516
            ],
            [
              10288.785458998987,
              10602.374635510147
            ],
            [
              10320.48723466543,
              10587.196818559896
            ],
            [
              10315.815147851186,
              10567.762331496924
            ],
            [
              10332.547494690225,
              10562.874002395198
            ],
            [
              10329.554792808427,
              10549.250031329691
            ],
            [
              10384.71527277527,
              10534.10850437358
            ],
            [
              10333.093723667553,
              10386.610480035655
            ],
            [
              10244.120794884511,
              10095.885847354308
            ],
            [
              10241.462703441794,
              10088.207537458278
            ],
            [
              10237.062946774473,
              10088.404414448887
            ],
            [
              10184.680299283296,
              10192.345588216092
            ],
            [
              10226.853930055397,
              10372.264040572569
            ],
            [
              10295.145834376279,
              10462.835114889313
            ],
            [
              10261.286470865016,
              10607.69487559516
            ]
          ]
        ]
      }
    },
    {
      "type": "Feature",
      "properties": {
        "id": "veg/272",
        "class": "grass",
        "area_m2": 19069.8
      },
      "geometry": {
        "type": "Polygon",
        "coordinates": [
          [
            [
              10441.374540335732,
              10756.05995883653
            ],
            [
              10436.585550861724,
              10838.671883197501
            ],
            [
              10551.2121314244,
              10896.932590581942
            ],
            [
              10538.949979133497,
              10869.762904408388
            ],
            [
              10446.039505279507,
              10631.314456637483
            ],
            [
              10347.06136833434,
              10689.422363824211
            ],
            [
              10354.210360804282,
              10712.012935402803
            ],
            [
              10344.393698406813,
              10715.10031563975
            ],
            [
              10441.374540335732,
              10756.05995883653
            ]
          ]
        ]
      }
    },
    {
      "type": "Feature",
      "properties": {
        "id": "veg/273",
        "class": "grass",
        "area_m2": 64951.05
      },
      "geometry": {
        "type": "Polygon",
        "coordinates": [
          [
            [
              9829.840160654276,
              10939.21971258754
            ],
            [
              9875.464226959914,
              10759.530309763737
            ],
            [
              9718.353076008614,
              10654.489685790613
            ],
            [
              9573.963822117541,
              10736.547771492042
            ],
            [
              9581.159931077098,
              10851.82847606903
            ],
            [
              9744.129959031241,
              10983.809793976136
            ],
            [
              9829.840160654276,
              10939.21971258754
            ]
          ]
        ]
      }
    },
    {
      "type": "Feature",
      "properties": {
        "id": "veg/274",
        "class": "grass",
        "area_m2": 57972.8
      },
      "geometry": {
        "type": "Polygon",
        "coordinates": [
          [
            [
              12137.61745354865,
              12251.600776515435
            ],
            [
              12092.143532935588,
              12063.485880384687
            ],
            [
              11865.71187937702,
              12034.311477079522
            ],
            [
              11852.21476740361,
              12165.332584162708
            ],
            [
              12025.905615734286,
              12344.388202097267
            ],
            [
              12137.61745354865,
              12251.600776515435
            ]
          ]
        ]
      }
    },
    {
      "type": "Feature",
      "properties": {
        "id": "veg/275",
        "class": "grass",
        "area_m2": 22619.84
      },
      "geometry": {
        "type": "Polygon",
        "coordinates": [
          [
            [
              9565.307390399743,
              12153.0684352885
            ],
            [
              9517.220045419817,
              12010.130179197527
            ],
            [
              9399.582143981534,
              12060.443806647323
            ],
            [
              9378.287717879575,
              12148.420357529074
            ],
            [
              9489.714367297303,
              12201.734941253904
            ],
            [
              9565.307390399743,
              12153.0684352885
            ]
          ]
        ]
      }
    },
    {
      "type": "Feature",
      "properties": {
        "id": "veg/276",
        "class": "grass",
        "area_m2": 24510.25
      },
      "geometry": {
        "type": "Polygon",
        "coordinates": [
          [
            [
              12338.315074725135,
              12640.461140768602
            ],
            [
              12239.415440587502,
              12587.95947498735
            ],
            [
              12155.761213440914,
              12654.057111961301
            ],
            [
              12210.621493749903,
              12779.883261447772
            ],
            [
              12337.804537853517,
              12753.597074784804
            ],
            [
              12338.315074725135,
              12640.461140768602
            ]
          ]
        ]
      }
    },
    {
      "type": "Feature",
      "properties": {
        "id": "veg/277",
        "class": "grass",
        "area_m2": 436403.34
      },
      "geometry": {
        "type": "Polygon",
        "coordinates": [
          [
            [
              11153.314393856388,
              13199.644528529141
            ],
            [
              11186.95828172611,
              13357.578422946855
            ],
            [
              11391.995862244687,
              13473.899549654685
            ],
            [
              11586.027697036276,
              13481.527627638541
            ],
            [
              11645.890154497756,
              13380.430151143111
            ],
            [
              11448.384250178642,
              13130.952962365933
            ],
            [
              11404.315121791908,
              12905.91310917493
            ],
            [
              11570.60025710467,
              12637.193407611456
            ],
            [
              11530.665667218855,
              12524.81309726229
            ],
            [
              11584.199104482017,
              12368.349402698688
            ],
            [
              11469.705250404833,
              12184.794547424652
            ],
            [
              11368.36862905795,
              12106.908376005013
            ],
            [
              11276.542407512898,
              12120.112673962954
            ],
            [
              11169.404806537961,
              12302.485354152974
            ],
            [
              11078.37569581176,
              12569.830779722892
            ],
            [
              11264.953957883932,
              12737.166697436478
            ],
            [
              11153.314393856388,
              13199.644528529141
            ]
          ]
        ]
      }
    },
    {
      "type": "Feature",
      "properties": {
        "id": "veg/278",
        "class": "grass",
        "area_m2": 75804.68
      },
      "geometry": {
        "type": "Polygon",
        "coordinates": [
          [
            [
              10348.836582663353,
              14264.452158612665
            ],
            [
              10168.431642663316,
              14063.567518612836
            ],
            [
              10004.170182663365,
              14178.280248612631
            ],
            [
              10030.736852663336,
              14343.358228612691
            ],
            [
              10334.43638266332,
              14404.174818612635
            ],
            [
              10348.836582663353,
              14264.452158612665
            ]
          ]
        ]
      }
    },
    {
      "type": "Feature",
      "properties": {
        "id": "veg/279",
        "class": "grass",
        "area_m2": 1463551.64
      },
      "geometry": {
        "type": "Polygon",
        "coordinates": [
          [
            [
              14654.27551051171,
              -23579.678872121498
            ],
            [
              14839.94167616911,
              -23552.37397275865
            ],
            [
              15064.775499115756,
              -23426.643868046347
            ],
            [
              15329.12175945018,
              -23487.56324309483
            ],
            [
              15533.678239601373,
              -23437.583333282266
            ],
            [
              15672.610495934612,
              -23450.7385940752
            ],
            [
              15815.691621077422,
              -23614.882728666067
            ],
            [
              15780.13989362953,
              -23696.62997943582
            ],
            [
              15768.786413283437,
              -23705.25724370964
            ],
            [
              15750.528460105474,
              -23746.052225581836
            ],
            [
              15742.134623493184,
              -23784.018879257143
            ],
            [
              15716.194933709048,
              -23843.66431642417
            ],
            [
              15724.46263639821,
              -23947.041435156483
            ],
            [
              15722.630777110637,
              -23966.264848690014
            ],
            [
              15730.134502422356,
              -24017.960914175957
            ],
            [
              15734.306853593967,
              -24070.130864968523
            ],
            [
              15651.646200798801,
              -24239.3298172066
            ],
            [
              15372.107044924516,
              -24401.06683664769
            ],
            [
              15332.073271685222,
              -24482.43908562977
            ],
            [
              15322.821344025142,
              -24490.540897442494
            ],
            [
              15310.08290535619,
              -24517.267242467497
            ],
            [
              15304.340998451575,
              -24538.807428151835
            ],
            [
              15258.921666218026,
              -24631.126310736407
            ],
            [
              15256.844564940257,
              -24632.522124111652
            ],
            [
              15212.841780570452,
              -24685.130307206884
            ],
            [
              15199.901226352784,
              -24708.07002852671
            ],
            [
              15190.645322367724,
              -24735.610691925976
            ],
            [
              15182.24120905617,
              -24763.69004705455
            ],
            [
              15176.34677630075,
              -24798.967210015282
            ],
            [
              15246.015908575908,
              -25130.22607268719
            ],
            [
              15195.561356480583,
              -25262.16228203755
            ],
            [
              15191.428579283587,
              -25260.20182237588
            ],
            [
              15180.548607713077,
              -25279.643510921393
            ],
            [
              15180.254800847557,
              -25302.188183458988
            ],
            [
              15168.149286288593,
              -25333.84351755306
            ],
            [
              15076.866678469873,
              -25387.01203445904
            ],
            [
              15024.073301667755,
              -25344.306046184618
            ],
            [
              15024.15985972993,
              -25331.874182791915
            ],
            [
              15024.291282469698,
              -25318.240987486206
            ],
            [
              15001.708408048027,
              -25312.021860874258
            ],
            [
              14989.720194266585,
              -25316.516889841296
            ],
            [
              14963.552555180911,
              -25295.34917988116
            ],
            [
              14892.169628204487,
              -25146.395684671123
            ],
            [
              14889.047307199566,
              -25131.674867014866
            ],
            [
              14877.895326463855,
              -25116.609750891104
            ],
            [
              14714.03983995138,
              -24940.97281507915
            ],
            [
              14623.977348326647,
              -24900.104271652177
            ],
            [
              14533.124708300049,
              -24750.417352974415
            ],
            [
              14674.729171992687,
              -24529.645514979027
            ],
            [
              14686.803654597199,
              -24525.286350718234
            ],
            [
              14691.292454512033,
              -24503.822131805122
            ],
            [
              14816.350336779316,
              -24308.847638742067
            ],
            [
              14724.47510188527,
              -24225.196797011886
            ],
            [
              14725.145152625453,
              -24222.87826894736
            ],
            [
              14720.310605987674,
              -24212.944632258266
            ],
            [
              14701.935033695656,
              -24204.674447556958
            ],
            [
              14658.456953457207,
              -24165.08839356806
            ],
            [
              14483.753210648021,
              -23955.216903332155
            ],
            [
              14547.28563374473,
              -23711.179667721968
            ],
            [
              14654.27551051171,
              -23579.678872121498
            ]
          ]
        ]
      }
    },
    {
      "type": "Feature",
      "properties": {
        "id": "veg/280",
        "class": "grass",
        "area_m2": 52336.97
      },
      "geometry": {
        "type": "Polygon",
        "coordinates": [
          [
            [
              13932.14051522786,
              -23345.99226159323
            ],
            [
              13995.281486107735,
              -23408.56084967032
            ],
            [
              13928.610363567772,
              -23591.09717262443
            ],
            [
              13793.974331004021,
              -23608.931419507135
            ],
            [
              13710.844570768764,
              -23505.501480142586
            ],
            [
              13794.464946709399,
              -23355.34266530769
            ],
            [
              13932.14051522786,
              -23345.99226159323
            ]
          ]
        ]
      }
    },
    {
      "type": "Feature",
      "properties": {
        "id": "veg/281",
        "class": "grass",
        "area_m2": 30344.2
      },
      "geometry": {
        "type": "Polygon",
        "coordinates": [
          [
            [
              14045.135894312465,
              9856.895674651954
            ],
            [
              14089.908060487302,
              9745.816708822269
            ],
            [
              13997.100138832582,
              9695.656668708194
            ],
            [
              13850.413368351874,
              9761.283006948885
            ],
            [
              13916.4856939764,
              9903.264126459137
            ],
            [
              14045.135894312465,
              9856.895674651954
            ]
          ]
        ]
      }
    },
    {
      "type": "Feature",
      "properties": {
        "id": "veg/282",
        "class": "grass",
        "area_m2": 33586.22
      },
      "geometry": {
        "type": "Polygon",
        "coordinates": [
          [
            [
              14904.464595620695,
              9856.252155385446
            ],
            [
              14876.74918694247,
              9757.76958062686
            ],
            [
              14774.569434455247,
              9721.382838146761
            ],
            [
              14696.345583051792,
              9773.53865911346
            ],
            [
              14691.267496257846,
              9890.643082942814
            ],
            [
              14800.308284352184,
              9948.108743587509
            ],
            [
              14904.464595620695,
              9856.252155385446
            ]
          ]
        ]
      }
    },
    {
      "type": "Feature",
      "properties": {
        "id": "veg/283",
        "class": "grass",
        "area_m2": 1244977.27
      },
      "geometry": {
        "type": "Polygon",
        "coordinates": [
          [
            [
              15613.832796589937,
              11160.82723833993
            ],
            [
              15773.821341662493,
              11068.844578980468
            ],
            [
              15920.80916003423,
              10791.319767527282
            ],
            [
              15868.486518531805,
              10708.957328641787
            ],
            [
              15808.82385021192,
              10400.316314449534
            ],
            [
              15702.533134741709,
              10226.88751150947
            ],
            [
              15724.709776477714,
              10064.315983498935
            ],
            [
              15899.48553770152,
              9851.680261576548
            ],
            [
              16272.691179555724,
              9623.868089995813
            ],
            [
              16356.179961656977,
              9390.32786913449
            ],
            [
              16509.413660725928,
              9369.127433014568
            ],
            [
              16630.72478852712,
              9409.88674017461
            ],
            [
              16800.43485082034,
              9344.924582329579
            ],
            [
              16830.769761695294,
              9229.078130298294
            ],
            [
              16768.680175427406,
              9111.977557742503
            ],
            [
              16364.405675041839,
              9014.775998680387
            ],
            [
              16294.411164508667,
              9055.352306444198
            ],
            [
              16284.12076476845,
              9287.469354598783
            ],
            [
              16053.949570289813,
              9308.84613997722
            ],
            [
              15894.477292524301,
              9204.962739577051
            ],
            [
              15778.569416078622,
              9016.682208822109
            ],
            [
              15808.27276592789,
              8885.33730219258
            ],
            [
              15720.849007572164,
              8749.581655487884
            ],
            [
              15564.624296571186,
              8818.406549131032
            ],
            [
              15539.353459534992,
              8945.167043257039
            ],
            [
              15449.152398119215,
              9069.839614124969
            ],
            [
              15525.321777643985,
              9236.074461015407
            ],
            [
              15650.70604324562,
              9329.679969259538
            ],
            [
              15772.917308032513,
              9346.506204324774
            ],
            [
              15754.100317117933,
              9488.372504962143
            ],
            [
              15607.994211080775,
              9531.681920653209
            ],
            [
              15569.840666641714,
              9650.006057715509
            ],
            [
              15403.361236661789,
              9832.54538124241
            ],
            [
              15429.863717380504,
              9988.048550215084
            ],
            [
              15267.70921453205,
              10093.617229474708
            ],
            [
              15244.158691982564,
              10168.312623388134
            ],
            [
              15291.206337776326,
              10413.38340261206
            ],
            [
              15484.269912743883,
              11135.577409472782
            ],
            [
              15613.832796589937,
              11160.82723833993
            ]
          ]
        ]
      }
    },
    {
      "type": "Feature",
      "properties": {
        "id": "veg/284",
        "class": "grass",
        "area_m2": 1613771.29
      },
      "geometry": {
        "type": "Polygon",
        "coordinates": [
          [
            [
              13040.743813408248,
              10587.953732002527
            ],
            [
              13248.879415694915,
              10629.246176588349
            ],
            [
              13318.385797617433,
              10895.250403071288
            ],
            [
              13297.934412680974,
              11102.286751678213
            ],
            [
              13459.210069938272,
              11346.690558406524
            ],
            [
              13439.816572377342,
              11619.545519966632
            ],
            [
              13478.038177495706,
              11788.550577947404
            ],
            [
              13658.814554257842,
              11842.733597101644
            ],
            [
              13689.854595466517,
              11984.871145779733
            ],
            [
              13800.960335565556,
              12007.825928949751
            ],
            [
              13894.793105489633,
              11879.367754440755
            ],
            [
              14056.094485852169,
              11797.391363531817
            ],
            [
              14057.874062724994,
              11560.558124058414
            ],
            [
              13927.219096523419,
              11422.71469910955
            ],
            [
              13903.103703823814,
              11197.205389056355
            ],
            [
              13834.962886460591,
              11064.666568927467
            ],
            [
              13873.907776088745,
              10921.839588762727
            ],
            [
              13798.989353436395,
              10726.753864308354
            ],
            [
              13889.5262619016,
              10640.979926935863
            ],
            [
              14007.877757082286,
              10691.032504174858
            ],
            [
              14191.140591151954,
              10616.191385014448
            ],
            [
              14332.891804180399,
              10719.533083706163
            ],
            [
              14391.562468551565,
              10697.030737534165
            ],
            [
              14453.74843382946,
              10532.85293719126
            ],
            [
              14308.528984926292,
              10312.52259503398
            ],
            [
              14180.63375011849,
              10351.102218495682
            ],
            [
              14029.94223629206,
              10326.941160297487
            ],
            [
              13861.127749189327,
              10204.111854456365
            ],
            [
              13746.621068622451,
              10263.759300801437
            ],
            [
              13584.040920820727,
              10190.389774161391
            ],
            [
              13602.386397889117,
              10056.292820608709
            ],
            [
              13398.303331315517,
              10000.131586906034
            ],
            [
              13331.453603445727,
              9848.661280015483
            ],
            [
              13198.166620313597,
              9802.069266273174
            ],
            [
              13162.173728195252,
              9627.60996124195
            ],
            [
              12998.948212246993,
              9560.694564545993
            ],
            [
              12908.05537817534,
              9611.055134855676
            ],
            [
              12894.467907836603,
              9728.001589033753
            ],
            [
              12737.141144962574,
              9874.502820794936
            ],
            [
              12787.67744033446,
              10002.793483830988
            ],
            [
              12726.215069031052,
              10193.963651994709
            ],
            [
              12871.191085024446,
              10378.396089500748
            ],
            [
              12960.388321688224,
              10434.645752629265
            ],
            [
              13040.743813408248,
              10587.953732002527
            ]
          ]
        ]
      }
    },
    {
      "type": "Feature",
      "properties": {
        "id": "veg/285",
        "class": "grass",
        "area_m2": 35045.41
      },
      "geometry": {
        "type": "Polygon",
        "coordinates": [
          [
            [
              14551.841301785491,
              9987.68713544216
            ],
            [
              14537.186280953116,
              9827.652511751745
            ],
            [
              14413.347122060775,
              9818.663533077575
            ],
            [
              14332.331139013928,
              9983.372811554465
            ],
            [
              14411.156834210618,
              10048.240864972584
            ],
            [
              14551.841301785491,
              9987.68713544216
            ]
          ]
        ]
      }
    },
    {
      "type": "Feature",
      "properties": {
        "id": "veg/286",
        "class": "grass",
        "area_m2": 781784.74
      },
      "geometry": {
        "type": "Polygon",
        "coordinates": [
          [
            [
              14839.928197320492,
              11774.028220670298
            ],
            [
              14954.329796228907,
              11844.990282073151
            ],
            [
              15365.489209092513,
              11590.097680679522
            ],
            [
              15334.765183487209,
              11365.345758936368
            ],
            [
              15460.00896273565,
              11220.766674533952
            ],
            [
              15418.114836763241,
              10962.592298054602
            ],
            [
              15302.411757429538,
              10508.547485011164
            ],
            [
              15135.494060591736,
              10491.228548850864
            ],
            [
              15097.2629176568,
              10597.321662345435
            ],
            [
              14973.650901627843,
              10728.361618721392
            ],
            [
              14778.291059668292,
              10774.344587328844
            ],
            [
              14670.982688092627,
              10915.855461246334
            ],
            [
              14730.54977738089,
              11016.298853124026
            ],
            [
              14892.048240163072,
              11102.411409787368
            ],
            [
              14824.736183689383,
              11199.621470700484
            ],
            [
              14693.304917265603,
              11248.405406801496
            ],
            [
              14629.457048844662,
              11480.260682882741
            ],
            [
              14407.512872610474,
              11634.058946637437
            ],
            [
              14480.639146255213,
              11769.746830105316
            ],
            [
              14580.237543498632,
              11703.576881044079
            ],
            [
              14839.928197320492,
              11774.028220670298
            ]
          ]
        ]
      }
    },
    {
      "type": "Feature",
      "properties": {
        "id": "veg/287",
        "class": "grass",
        "area_m2": 850153.19
      },
      "geometry": {
        "type": "Polygon",
        "coordinates": [
          [
            [
              13418.686048822943,
              13753.859036993235
            ],
            [
              13624.284005934896,
              13534.921617486514
            ],
            [
              13779.454704403994,
              13475.43921204377
            ],
            [
              13680.970909484138,
              13280.684467656072
            ],
            [
              13496.047139009635,
              13368.11435129214
            ],
            [
              13425.828790365369,
              13319.389271588065
            ],
            [
              13404.669401280524,
              13135.537520186044
            ],
            [
              13497.850826834037,
              13056.526883909479
            ],
            [
              13666.24209837208,
              13054.216769304592
            ],
            [
              13679.922541817068,
              12900.796457044315
            ],
            [
              13562.107607895217,
              12841.5387677541
            ],
            [
              13545.894793062878,
              12728.576155521907
            ],
            [
              13655.603243823338,
              12607.030599534512
            ],
            [
              13804.835778933135,
              12652.456165376585
            ],
            [
              13918.544267561694,
              12759.426191622857
            ],
            [
              14048.9914251531,
              12690.756627514493
            ],
            [
              14044.651007726497,
              12534.862416120712
            ],
            [
              13977.681110308156,
              12280.925430169795
            ],
            [
              13825.509294280026,
              12253.693226689007
            ],
            [
              13648.441396638053,
              12446.298938772175
            ],
            [
              13513.523953557888,
              12450.371995636262
            ],
            [
              13263.165378809965,
              12542.455273590982
            ],
            [
              13123.741599682427,
              12660.047330299858
            ],
            [
              12950.912228558853,
              12698.094993281644
            ],
            [
              12911.71576369548,
              12816.355974157806
            ],
            [
              13074.560847397835,
              13141.420091877691
            ],
            [
              13199.555375026015,
              13236.347721227445
            ],
            [
              13105.088053763262,
              13550.827643903904
            ],
            [
              12983.421417424106,
              13645.135902218986
            ],
            [
              12982.142117398442,
              13819.631097181235
            ],
            [
              13188.416603966383,
              13965.407344382722
            ],
            [
              13276.553667542117,
              13966.632370548788
            ],
            [
              13418.686048822943,
              13753.859036993235
            ]
          ]
        ]
      }
    },
    {
      "type": "Feature",
      "properties": {
        "id": "veg/288",
        "class": "grass",
        "area_m2": 336807.78
      },
      "geometry": {
        "type": "Polygon",
        "coordinates": [
          [
            [
              12345.253266413289,
              12497.815500857774
            ],
            [
              12557.071908978047,
              12598.367112703156
            ],
            [
              12884.161306002352,
              12656.032447953243
            ],
            [
              12938.773596279032,
              12581.834969645832
            ],
            [
              12848.506071937562,
              12433.655124064535
            ],
            [
              12872.570825693896,
              12231.005569478963
            ],
            [
              12657.44198878744,
              12112.020932911895
            ],
            [
              12533.687548362708,
              12112.767797293607
            ],
            [
              12433.637507145351,
              11990.533126774244
            ],
            [
              12207.522600890603,
              11982.906509887427
            ],
            [
              12131.681491174211,
              12105.935927221086
            ],
            [
              12212.854947181244,
              12362.233324917499
            ],
            [
              12345.253266413289,
              12497.815500857774
            ]
          ]
        ]
      }
    },
    {
      "type": "Feature",
      "properties": {
        "id": "veg/289",
        "class": "grass",
        "area_m2": 914948.69
      },
      "geometry": {
        "type": "Polygon",
        "coordinates": [
          [
            [
              14837.706550889648,
              12840.609753506258
            ],
            [
              14774.273949014605,
              13015.596434794366
            ],
            [
              14809.48874049884,
              13163.042851407547
            ],
            [
              14779.103593226755,
              13287.318629769143
            ],
            [
              14876.37748172594,
              13462.58801429905
            ],
            [
              15018.577837879246,
              13512.358871708624
            ],
            [
              15171.575088413316,
              13306.960194845218
            ],
            [
              15177.217994931794,
              13034.293677767739
            ],
            [
              15262.382247879636,
              12794.646777658723
            ],
            [
              15429.3838768907,
              12506.666949522682
            ],
            [
              15470.993801832898,
              12329.091064920649
            ],
            [
              15605.608240248985,
              12106.699376240838
            ],
            [
              15615.786514700216,
              11983.056047721766
            ],
            [
              15515.520746869151,
              11766.64723700611
            ],
            [
              15411.246687832405,
              11643.583313975018
            ],
            [
              15327.533610456274,
              11635.803304396104
            ],
            [
              14933.262015459011,
              11889.085851246025
            ],
            [
              14968.913392827671,
              12275.302567125764
            ],
            [
              14913.020463561232,
              12342.760689710267
            ],
            [
              14730.930109888955,
              12373.36635977216
            ],
            [
              14673.573847633554,
              12457.353941204026
            ],
            [
              14708.407880578132,
              12624.59658072656
            ],
            [
              14788.545550832874,
              12667.223583849147
            ],
            [
              14837.706550889648,
              12840.609753506258
            ]
          ]
        ]
      }
    },
    {
      "type": "Feature",
      "properties": {
        "id": "veg/290",
        "class": "grass",
        "area_m2": 70976.32
      },
      "geometry": {
        "type": "Polygon",
        "coordinates": [
          [
            [
              15900.053302088578,
              12185.10106366314
            ],
            [
              15877.764862200303,
              12039.714036719408
            ],
            [
              15764.137078842847,
              12009.873066749424
            ],
            [
              15602.71633701236,
              12287.489699869417
            ],
            [
              15621.444468252012,
              12400.600543816574
            ],
            [
              15734.579943759425,
              12401.137117173057
            ],
            [
              15900.053302088578,
              12185.10106366314
            ]
          ]
        ]
      }
    },
    {
      "type": "Feature",
      "properties": {
        "id": "veg/291",
        "class": "grass",
        "area_m2": 22743.81
      },
      "geometry": {
        "type": "Polygon",
        "coordinates": [
          [
            [
              13282.583218123182,
              12497.726413781755
            ],
            [
              13324.218286428775,
              12388.622417496517
            ],
            [
              13176.225490529498,
              12334.686357232276
            ],
            [
              13120.636588360823,
              12422.351765009109
            ],
            [
              13182.987562155293,
              12505.144244880881
            ],
            [
              13282.583218123182,
              12497.726413781755
            ]
          ]
        ]
      }
    },
    {
      "type": "Feature",
      "properties": {
        "id": "veg/292",
        "class": "grass",
        "area_m2": 50762.13
      },
      "geometry": {
        "type": "Polygon",
        "coordinates": [
          [
            [
              12559.0863620835,
              13745.29892382631
            ],
            [
              12650.069120055472,
              13612.661016239785
            ],
            [
              12595.250317200262,
              13507.57293818565
            ],
            [
              12415.629188319028,
              13522.383918179665
            ],
            [
              12367.320421819284,
              13670.306587691419
            ],
            [
              12416.370990371739,
              13744.439202938229
            ],
            [
              12559.0863620835,
              13745.29892382631
            ]
          ]
        ]
      }
    },
    {
      "type": "Feature",
      "properties": {
        "id": "veg/293",
        "class": "grass",
        "area_m2": 134408.84
      },
      "geometry": {
        "type": "Polygon",
        "coordinates": [
          [
            [
              12968.762626850337,
              14054.254618780222
            ],
            [
              12978.502191424777,
              13909.018733315635
            ],
            [
              12832.095001334965,
              13773.569713355042
            ],
            [
              12622.568929857109,
              13884.605831545312
            ],
            [
              12438.65416277689,
              13872.847078446764
            ],
            [
              12404.004229750135,
              14010.408995027654
            ],
            [
              12526.56562780874,
              14136.629710773937
            ],
            [
              12968.762626850337,
              14054.254618780222
            ]
          ]
        ]
      }
    },
    {
      "type": "Feature",
      "properties": {
        "id": "veg/294",
        "class": "grass",
        "area_m2": 45171.57
      },
      "geometry": {
        "type": "Polygon",
        "coordinates": [
          [
            [
              12934.720247445919,
              14551.324478490744
            ],
            [
              13031.891954132181,
              14606.8484054734
            ],
            [
              13148.739387760463,
              14575.952143917326
            ],
            [
              13190.286345863016,
              14446.987212033477
            ],
            [
              13030.72431070765,
              14372.172132466454
            ],
            [
              12924.117092555796,
              14399.655406683683
            ],
            [
              12934.720247445919,
              14551.324478490744
            ]
          ]
        ]
      }
    },
    {
      "type": "Feature",
      "properties": {
        "id": "veg/295",
        "class": "grass",
        "area_m2": 135488.14
      },
      "geometry": {
        "type": "Polygon",
        "coordinates": [
          [
            [
              13973.182900091517,
              20901.270810816437
            ],
            [
              14005.9522619801,
              20891.612934999168
            ],
            [
              14039.288034996309,
              20862.042444652412
            ],
            [
              14069.426483513205,
              20854.56294905441
            ],
            [
              14097.883304647286,
              20853.33305548411
            ],
            [
              14110.74904385244,
              20860.726941282395
            ],
            [
              14174.209830540873,
              20842.023604940623
            ],
            [
              14255.911299850617,
              20703.187859045807
            ],
            [
              14247.27749524411,
              20691.215941397473
            ],
            [
              14243.657264927402,
              20691.58615291817
            ],
            [
              14226.783510507608,
              20662.798307604622
            ],
            [
              14189.495853229426,
              20611.094014703296
            ],
            [
              14021.166643080418,
              20555.596633487847
            ],
            [
              13817.925845130987,
              20591.543583637103
            ],
            [
              13720.430036137579,
              20699.198076059576
            ],
            [
              13724.325687972014,
              20799.821882206015
            ],
            [
              13815.659689621185,
              20879.96078297356
            ],
            [
              13973.182900091517,
              20901.270810816437
            ]
          ]
        ]
      }
    }
  ]
}
